STATE,POLY_ID,POINT_ORDER,LON,LAT,REP_STATION,ANN_AVG_TEMP_F,SUMMER_AVG_MAX_F,SUMMER_RH_PCT,COOLING_DEGREE_DAYS,CLIMATE_ZONE,CLIMATE_NOTE
Alabama,Alabama_0,0,-87.359296,35.00118,"Birmingham, AL",64.0,90.2,72,2641,Hot-Humid,Avg summer high 90.2°F | 72% humidity | 2641 cooling degree days/yr
Alabama,Alabama_0,1,-85.606675,34.984749,"Birmingham, AL",64.0,90.2,72,2641,Hot-Humid,Avg summer high 90.2°F | 72% humidity | 2641 cooling degree days/yr
Alabama,Alabama_0,2,-85.431413,34.124869,"Birmingham, AL",64.0,90.2,72,2641,Hot-Humid,Avg summer high 90.2°F | 72% humidity | 2641 cooling degree days/yr
Alabama,Alabama_0,3,-85.184951,32.859696,"Birmingham, AL",64.0,90.2,72,2641,Hot-Humid,Avg summer high 90.2°F | 72% humidity | 2641 cooling degree days/yr
Alabama,Alabama_0,4,-85.069935,32.580372,"Birmingham, AL",64.0,90.2,72,2641,Hot-Humid,Avg summer high 90.2°F | 72% humidity | 2641 cooling degree days/yr
Alabama,Alabama_0,5,-84.960397,32.421541,"Birmingham, AL",64.0,90.2,72,2641,Hot-Humid,Avg summer high 90.2°F | 72% humidity | 2641 cooling degree days/yr
Alabama,Alabama_0,6,-85.004212,32.322956,"Birmingham, AL",64.0,90.2,72,2641,Hot-Humid,Avg summer high 90.2°F | 72% humidity | 2641 cooling degree days/yr
Alabama,Alabama_0,7,-84.889196,32.262709,"Birmingham, AL",64.0,90.2,72,2641,Hot-Humid,Avg summer high 90.2°F | 72% humidity | 2641 cooling degree days/yr
Alabama,Alabama_0,8,-85.058981,32.13674,"Birmingham, AL",64.0,90.2,72,2641,Hot-Humid,Avg summer high 90.2°F | 72% humidity | 2641 cooling degree days/yr
Alabama,Alabama_0,9,-85.053504,32.01077,"Birmingham, AL",64.0,90.2,72,2641,Hot-Humid,Avg summer high 90.2°F | 72% humidity | 2641 cooling degree days/yr
Alabama,Alabama_0,10,-85.141136,31.840985,"Birmingham, AL",64.0,90.2,72,2641,Hot-Humid,Avg summer high 90.2°F | 72% humidity | 2641 cooling degree days/yr
Alabama,Alabama_0,11,-85.042551,31.539753,"Birmingham, AL",64.0,90.2,72,2641,Hot-Humid,Avg summer high 90.2°F | 72% humidity | 2641 cooling degree days/yr
Alabama,Alabama_0,12,-85.113751,31.27686,"Birmingham, AL",64.0,90.2,72,2641,Hot-Humid,Avg summer high 90.2°F | 72% humidity | 2641 cooling degree days/yr
Alabama,Alabama_0,13,-85.004212,31.003013,"Birmingham, AL",64.0,90.2,72,2641,Hot-Humid,Avg summer high 90.2°F | 72% humidity | 2641 cooling degree days/yr
Alabama,Alabama_0,14,-85.497137,30.997536,"Birmingham, AL",64.0,90.2,72,2641,Hot-Humid,Avg summer high 90.2°F | 72% humidity | 2641 cooling degree days/yr
Alabama,Alabama_0,15,-87.600282,30.997536,"Birmingham, AL",64.0,90.2,72,2641,Hot-Humid,Avg summer high 90.2°F | 72% humidity | 2641 cooling degree days/yr
Alabama,Alabama_0,16,-87.633143,30.86609,"Birmingham, AL",64.0,90.2,72,2641,Hot-Humid,Avg summer high 90.2°F | 72% humidity | 2641 cooling degree days/yr
Alabama,Alabama_0,17,-87.408589,30.674397,"Birmingham, AL",64.0,90.2,72,2641,Hot-Humid,Avg summer high 90.2°F | 72% humidity | 2641 cooling degree days/yr
Alabama,Alabama_0,18,-87.446927,30.510088,"Birmingham, AL",64.0,90.2,72,2641,Hot-Humid,Avg summer high 90.2°F | 72% humidity | 2641 cooling degree days/yr
Alabama,Alabama_0,19,-87.37025,30.427934,"Birmingham, AL",64.0,90.2,72,2641,Hot-Humid,Avg summer high 90.2°F | 72% humidity | 2641 cooling degree days/yr
Alabama,Alabama_0,20,-87.518128,30.280057,"Birmingham, AL",64.0,90.2,72,2641,Hot-Humid,Avg summer high 90.2°F | 72% humidity | 2641 cooling degree days/yr
Alabama,Alabama_0,21,-87.655051,30.247195,"Birmingham, AL",64.0,90.2,72,2641,Hot-Humid,Avg summer high 90.2°F | 72% humidity | 2641 cooling degree days/yr
Alabama,Alabama_0,22,-87.90699,30.411504,"Birmingham, AL",64.0,90.2,72,2641,Hot-Humid,Avg summer high 90.2°F | 72% humidity | 2641 cooling degree days/yr
Alabama,Alabama_0,23,-87.934375,30.657966,"Birmingham, AL",64.0,90.2,72,2641,Hot-Humid,Avg summer high 90.2°F | 72% humidity | 2641 cooling degree days/yr
Alabama,Alabama_0,24,-88.011052,30.685351,"Birmingham, AL",64.0,90.2,72,2641,Hot-Humid,Avg summer high 90.2°F | 72% humidity | 2641 cooling degree days/yr
Alabama,Alabama_0,25,-88.10416,30.499135,"Birmingham, AL",64.0,90.2,72,2641,Hot-Humid,Avg summer high 90.2°F | 72% humidity | 2641 cooling degree days/yr
Alabama,Alabama_0,26,-88.137022,30.318396,"Birmingham, AL",64.0,90.2,72,2641,Hot-Humid,Avg summer high 90.2°F | 72% humidity | 2641 cooling degree days/yr
Alabama,Alabama_0,27,-88.394438,30.367688,"Birmingham, AL",64.0,90.2,72,2641,Hot-Humid,Avg summer high 90.2°F | 72% humidity | 2641 cooling degree days/yr
Alabama,Alabama_0,28,-88.471115,31.895754,"Birmingham, AL",64.0,90.2,72,2641,Hot-Humid,Avg summer high 90.2°F | 72% humidity | 2641 cooling degree days/yr
Alabama,Alabama_0,29,-88.241084,33.796253,"Birmingham, AL",64.0,90.2,72,2641,Hot-Humid,Avg summer high 90.2°F | 72% humidity | 2641 cooling degree days/yr
Alabama,Alabama_0,30,-88.098683,34.891641,"Birmingham, AL",64.0,90.2,72,2641,Hot-Humid,Avg summer high 90.2°F | 72% humidity | 2641 cooling degree days/yr
Alabama,Alabama_0,31,-88.202745,34.995703,"Birmingham, AL",64.0,90.2,72,2641,Hot-Humid,Avg summer high 90.2°F | 72% humidity | 2641 cooling degree days/yr
Alabama,Alabama_0,32,-87.359296,35.00118,"Birmingham, AL",64.0,90.2,72,2641,Hot-Humid,Avg summer high 90.2°F | 72% humidity | 2641 cooling degree days/yr
Arkansas,Arkansas_0,0,-94.473842,36.501861,"Little Rock, AR",62.9,92.4,70,2727,Hot-Humid,Avg summer high 92.4°F | 70% humidity | 2727 cooling degree days/yr
Arkansas,Arkansas_0,1,-90.152536,36.496384,"Little Rock, AR",62.9,92.4,70,2727,Hot-Humid,Avg summer high 92.4°F | 70% humidity | 2727 cooling degree days/yr
Arkansas,Arkansas_0,2,-90.064905,36.304691,"Little Rock, AR",62.9,92.4,70,2727,Hot-Humid,Avg summer high 92.4°F | 70% humidity | 2727 cooling degree days/yr
Arkansas,Arkansas_0,3,-90.218259,36.184199,"Little Rock, AR",62.9,92.4,70,2727,Hot-Humid,Avg summer high 92.4°F | 70% humidity | 2727 cooling degree days/yr
Arkansas,Arkansas_0,4,-90.377091,35.997983,"Little Rock, AR",62.9,92.4,70,2727,Hot-Humid,Avg summer high 92.4°F | 70% humidity | 2727 cooling degree days/yr
Arkansas,Arkansas_0,5,-89.730812,35.997983,"Little Rock, AR",62.9,92.4,70,2727,Hot-Humid,Avg summer high 92.4°F | 70% humidity | 2727 cooling degree days/yr
Arkansas,Arkansas_0,6,-89.763673,35.811767,"Little Rock, AR",62.9,92.4,70,2727,Hot-Humid,Avg summer high 92.4°F | 70% humidity | 2727 cooling degree days/yr
Arkansas,Arkansas_0,7,-89.911551,35.756997,"Little Rock, AR",62.9,92.4,70,2727,Hot-Humid,Avg summer high 92.4°F | 70% humidity | 2727 cooling degree days/yr
Arkansas,Arkansas_0,8,-89.944412,35.603643,"Little Rock, AR",62.9,92.4,70,2727,Hot-Humid,Avg summer high 92.4°F | 70% humidity | 2727 cooling degree days/yr
Arkansas,Arkansas_0,9,-90.130628,35.439335,"Little Rock, AR",62.9,92.4,70,2727,Hot-Humid,Avg summer high 92.4°F | 70% humidity | 2727 cooling degree days/yr
Arkansas,Arkansas_0,10,-90.114197,35.198349,"Little Rock, AR",62.9,92.4,70,2727,Hot-Humid,Avg summer high 92.4°F | 70% humidity | 2727 cooling degree days/yr
Arkansas,Arkansas_0,11,-90.212782,35.023087,"Little Rock, AR",62.9,92.4,70,2727,Hot-Humid,Avg summer high 92.4°F | 70% humidity | 2727 cooling degree days/yr
Arkansas,Arkansas_0,12,-90.311367,34.995703,"Little Rock, AR",62.9,92.4,70,2727,Hot-Humid,Avg summer high 92.4°F | 70% humidity | 2727 cooling degree days/yr
Arkansas,Arkansas_0,13,-90.251121,34.908072,"Little Rock, AR",62.9,92.4,70,2727,Hot-Humid,Avg summer high 92.4°F | 70% humidity | 2727 cooling degree days/yr
Arkansas,Arkansas_0,14,-90.409952,34.831394,"Little Rock, AR",62.9,92.4,70,2727,Hot-Humid,Avg summer high 92.4°F | 70% humidity | 2727 cooling degree days/yr
Arkansas,Arkansas_0,15,-90.481152,34.661609,"Little Rock, AR",62.9,92.4,70,2727,Hot-Humid,Avg summer high 92.4°F | 70% humidity | 2727 cooling degree days/yr
Arkansas,Arkansas_0,16,-90.585214,34.617794,"Little Rock, AR",62.9,92.4,70,2727,Hot-Humid,Avg summer high 92.4°F | 70% humidity | 2727 cooling degree days/yr
Arkansas,Arkansas_0,17,-90.568783,34.420624,"Little Rock, AR",62.9,92.4,70,2727,Hot-Humid,Avg summer high 92.4°F | 70% humidity | 2727 cooling degree days/yr
Arkansas,Arkansas_0,18,-90.749522,34.365854,"Little Rock, AR",62.9,92.4,70,2727,Hot-Humid,Avg summer high 92.4°F | 70% humidity | 2727 cooling degree days/yr
Arkansas,Arkansas_0,19,-90.744046,34.300131,"Little Rock, AR",62.9,92.4,70,2727,Hot-Humid,Avg summer high 92.4°F | 70% humidity | 2727 cooling degree days/yr
Arkansas,Arkansas_0,20,-90.952169,34.135823,"Little Rock, AR",62.9,92.4,70,2727,Hot-Humid,Avg summer high 92.4°F | 70% humidity | 2727 cooling degree days/yr
Arkansas,Arkansas_0,21,-90.891923,34.026284,"Little Rock, AR",62.9,92.4,70,2727,Hot-Humid,Avg summer high 92.4°F | 70% humidity | 2727 cooling degree days/yr
Arkansas,Arkansas_0,22,-91.072662,33.867453,"Little Rock, AR",62.9,92.4,70,2727,Hot-Humid,Avg summer high 92.4°F | 70% humidity | 2727 cooling degree days/yr
Arkansas,Arkansas_0,23,-91.231493,33.560744,"Little Rock, AR",62.9,92.4,70,2727,Hot-Humid,Avg summer high 92.4°F | 70% humidity | 2727 cooling degree days/yr
Arkansas,Arkansas_0,24,-91.056231,33.429298,"Little Rock, AR",62.9,92.4,70,2727,Hot-Humid,Avg summer high 92.4°F | 70% humidity | 2727 cooling degree days/yr
Arkansas,Arkansas_0,25,-91.143862,33.347144,"Little Rock, AR",62.9,92.4,70,2727,Hot-Humid,Avg summer high 92.4°F | 70% humidity | 2727 cooling degree days/yr
Arkansas,Arkansas_0,26,-91.089093,33.13902,"Little Rock, AR",62.9,92.4,70,2727,Hot-Humid,Avg summer high 92.4°F | 70% humidity | 2727 cooling degree days/yr
Arkansas,Arkansas_0,27,-91.16577,33.002096,"Little Rock, AR",62.9,92.4,70,2727,Hot-Humid,Avg summer high 92.4°F | 70% humidity | 2727 cooling degree days/yr
Arkansas,Arkansas_0,28,-93.608485,33.018527,"Little Rock, AR",62.9,92.4,70,2727,Hot-Humid,Avg summer high 92.4°F | 70% humidity | 2727 cooling degree days/yr
Arkansas,Arkansas_0,29,-94.041164,33.018527,"Little Rock, AR",62.9,92.4,70,2727,Hot-Humid,Avg summer high 92.4°F | 70% humidity | 2727 cooling degree days/yr
Arkansas,Arkansas_0,30,-94.041164,33.54979,"Little Rock, AR",62.9,92.4,70,2727,Hot-Humid,Avg summer high 92.4°F | 70% humidity | 2727 cooling degree days/yr
Arkansas,Arkansas_0,31,-94.183564,33.593606,"Little Rock, AR",62.9,92.4,70,2727,Hot-Humid,Avg summer high 92.4°F | 70% humidity | 2727 cooling degree days/yr
Arkansas,Arkansas_0,32,-94.380734,33.544313,"Little Rock, AR",62.9,92.4,70,2727,Hot-Humid,Avg summer high 92.4°F | 70% humidity | 2727 cooling degree days/yr
Arkansas,Arkansas_0,33,-94.484796,33.637421,"Little Rock, AR",62.9,92.4,70,2727,Hot-Humid,Avg summer high 92.4°F | 70% humidity | 2727 cooling degree days/yr
Arkansas,Arkansas_0,34,-94.430026,35.395519,"Little Rock, AR",62.9,92.4,70,2727,Hot-Humid,Avg summer high 92.4°F | 70% humidity | 2727 cooling degree days/yr
Arkansas,Arkansas_0,35,-94.616242,36.501861,"Little Rock, AR",62.9,92.4,70,2727,Hot-Humid,Avg summer high 92.4°F | 70% humidity | 2727 cooling degree days/yr
Arkansas,Arkansas_0,36,-94.473842,36.501861,"Little Rock, AR",62.9,92.4,70,2727,Hot-Humid,Avg summer high 92.4°F | 70% humidity | 2727 cooling degree days/yr
Florida,Florida_0,0,-85.497137,30.997536,"Orlando, FL",73.0,91.8,75,4132,Hot-Humid,Avg summer high 91.8°F | 75% humidity | 4132 cooling degree days/yr
Florida,Florida_0,1,-85.004212,31.003013,"Orlando, FL",73.0,91.8,75,4132,Hot-Humid,Avg summer high 91.8°F | 75% humidity | 4132 cooling degree days/yr
Florida,Florida_0,2,-84.867289,30.712735,"Orlando, FL",73.0,91.8,75,4132,Hot-Humid,Avg summer high 91.8°F | 75% humidity | 4132 cooling degree days/yr
Florida,Florida_0,3,-83.498053,30.647012,"Orlando, FL",73.0,91.8,75,4132,Hot-Humid,Avg summer high 91.8°F | 75% humidity | 4132 cooling degree days/yr
Florida,Florida_0,4,-82.216449,30.570335,"Orlando, FL",73.0,91.8,75,4132,Hot-Humid,Avg summer high 91.8°F | 75% humidity | 4132 cooling degree days/yr
Florida,Florida_0,5,-82.167157,30.356734,"Orlando, FL",73.0,91.8,75,4132,Hot-Humid,Avg summer high 91.8°F | 75% humidity | 4132 cooling degree days/yr
Florida,Florida_0,6,-82.046664,30.362211,"Orlando, FL",73.0,91.8,75,4132,Hot-Humid,Avg summer high 91.8°F | 75% humidity | 4132 cooling degree days/yr
Florida,Florida_0,7,-82.002849,30.564858,"Orlando, FL",73.0,91.8,75,4132,Hot-Humid,Avg summer high 91.8°F | 75% humidity | 4132 cooling degree days/yr
Florida,Florida_0,8,-82.041187,30.751074,"Orlando, FL",73.0,91.8,75,4132,Hot-Humid,Avg summer high 91.8°F | 75% humidity | 4132 cooling degree days/yr
Florida,Florida_0,9,-81.948079,30.827751,"Orlando, FL",73.0,91.8,75,4132,Hot-Humid,Avg summer high 91.8°F | 75% humidity | 4132 cooling degree days/yr
Florida,Florida_0,10,-81.718048,30.745597,"Orlando, FL",73.0,91.8,75,4132,Hot-Humid,Avg summer high 91.8°F | 75% humidity | 4132 cooling degree days/yr
Florida,Florida_0,11,-81.444201,30.707258,"Orlando, FL",73.0,91.8,75,4132,Hot-Humid,Avg summer high 91.8°F | 75% humidity | 4132 cooling degree days/yr
Florida,Florida_0,12,-81.383954,30.27458,"Orlando, FL",73.0,91.8,75,4132,Hot-Humid,Avg summer high 91.8°F | 75% humidity | 4132 cooling degree days/yr
Florida,Florida_0,13,-81.257985,29.787132,"Orlando, FL",73.0,91.8,75,4132,Hot-Humid,Avg summer high 91.8°F | 75% humidity | 4132 cooling degree days/yr
Florida,Florida_0,14,-80.967707,29.14633,"Orlando, FL",73.0,91.8,75,4132,Hot-Humid,Avg summer high 91.8°F | 75% humidity | 4132 cooling degree days/yr
Florida,Florida_0,15,-80.524075,28.461713,"Orlando, FL",73.0,91.8,75,4132,Hot-Humid,Avg summer high 91.8°F | 75% humidity | 4132 cooling degree days/yr
Florida,Florida_0,16,-80.589798,28.41242,"Orlando, FL",73.0,91.8,75,4132,Hot-Humid,Avg summer high 91.8°F | 75% humidity | 4132 cooling degree days/yr
Florida,Florida_0,17,-80.56789,28.094758,"Orlando, FL",73.0,91.8,75,4132,Hot-Humid,Avg summer high 91.8°F | 75% humidity | 4132 cooling degree days/yr
Florida,Florida_0,18,-80.381674,27.738757,"Orlando, FL",73.0,91.8,75,4132,Hot-Humid,Avg summer high 91.8°F | 75% humidity | 4132 cooling degree days/yr
Florida,Florida_0,19,-80.091397,27.021277,"Orlando, FL",73.0,91.8,75,4132,Hot-Humid,Avg summer high 91.8°F | 75% humidity | 4132 cooling degree days/yr
Florida,Florida_0,20,-80.03115,26.796723,"Orlando, FL",73.0,91.8,75,4132,Hot-Humid,Avg summer high 91.8°F | 75% humidity | 4132 cooling degree days/yr
Florida,Florida_0,21,-80.036627,26.566691,"Orlando, FL",73.0,91.8,75,4132,Hot-Humid,Avg summer high 91.8°F | 75% humidity | 4132 cooling degree days/yr
Florida,Florida_0,22,-80.146166,25.739673,"Orlando, FL",73.0,91.8,75,4132,Hot-Humid,Avg summer high 91.8°F | 75% humidity | 4132 cooling degree days/yr
Florida,Florida_0,23,-80.239274,25.723243,"Orlando, FL",73.0,91.8,75,4132,Hot-Humid,Avg summer high 91.8°F | 75% humidity | 4132 cooling degree days/yr
Florida,Florida_0,24,-80.337859,25.465826,"Orlando, FL",73.0,91.8,75,4132,Hot-Humid,Avg summer high 91.8°F | 75% humidity | 4132 cooling degree days/yr
Florida,Florida_0,25,-80.304997,25.383672,"Orlando, FL",73.0,91.8,75,4132,Hot-Humid,Avg summer high 91.8°F | 75% humidity | 4132 cooling degree days/yr
Florida,Florida_0,26,-80.49669,25.197456,"Orlando, FL",73.0,91.8,75,4132,Hot-Humid,Avg summer high 91.8°F | 75% humidity | 4132 cooling degree days/yr
Florida,Florida_0,27,-80.573367,25.241272,"Orlando, FL",73.0,91.8,75,4132,Hot-Humid,Avg summer high 91.8°F | 75% humidity | 4132 cooling degree days/yr
Florida,Florida_0,28,-80.759583,25.164595,"Orlando, FL",73.0,91.8,75,4132,Hot-Humid,Avg summer high 91.8°F | 75% humidity | 4132 cooling degree days/yr
Florida,Florida_0,29,-81.077246,25.120779,"Orlando, FL",73.0,91.8,75,4132,Hot-Humid,Avg summer high 91.8°F | 75% humidity | 4132 cooling degree days/yr
Florida,Florida_0,30,-81.170354,25.224841,"Orlando, FL",73.0,91.8,75,4132,Hot-Humid,Avg summer high 91.8°F | 75% humidity | 4132 cooling degree days/yr
Florida,Florida_0,31,-81.126538,25.378195,"Orlando, FL",73.0,91.8,75,4132,Hot-Humid,Avg summer high 91.8°F | 75% humidity | 4132 cooling degree days/yr
Florida,Florida_0,32,-81.351093,25.821827,"Orlando, FL",73.0,91.8,75,4132,Hot-Humid,Avg summer high 91.8°F | 75% humidity | 4132 cooling degree days/yr
Florida,Florida_0,33,-81.526355,25.903982,"Orlando, FL",73.0,91.8,75,4132,Hot-Humid,Avg summer high 91.8°F | 75% humidity | 4132 cooling degree days/yr
Florida,Florida_0,34,-81.679709,25.843735,"Orlando, FL",73.0,91.8,75,4132,Hot-Humid,Avg summer high 91.8°F | 75% humidity | 4132 cooling degree days/yr
Florida,Florida_0,35,-81.800202,26.090198,"Orlando, FL",73.0,91.8,75,4132,Hot-Humid,Avg summer high 91.8°F | 75% humidity | 4132 cooling degree days/yr
Florida,Florida_0,36,-81.833064,26.292844,"Orlando, FL",73.0,91.8,75,4132,Hot-Humid,Avg summer high 91.8°F | 75% humidity | 4132 cooling degree days/yr
Florida,Florida_0,37,-82.041187,26.517399,"Orlando, FL",73.0,91.8,75,4132,Hot-Humid,Avg summer high 91.8°F | 75% humidity | 4132 cooling degree days/yr
Florida,Florida_0,38,-82.09048,26.665276,"Orlando, FL",73.0,91.8,75,4132,Hot-Humid,Avg summer high 91.8°F | 75% humidity | 4132 cooling degree days/yr
Florida,Florida_0,39,-82.057618,26.878877,"Orlando, FL",73.0,91.8,75,4132,Hot-Humid,Avg summer high 91.8°F | 75% humidity | 4132 cooling degree days/yr
Florida,Florida_0,40,-82.172634,26.917216,"Orlando, FL",73.0,91.8,75,4132,Hot-Humid,Avg summer high 91.8°F | 75% humidity | 4132 cooling degree days/yr
Florida,Florida_0,41,-82.145249,26.791246,"Orlando, FL",73.0,91.8,75,4132,Hot-Humid,Avg summer high 91.8°F | 75% humidity | 4132 cooling degree days/yr
Florida,Florida_0,42,-82.249311,26.758384,"Orlando, FL",73.0,91.8,75,4132,Hot-Humid,Avg summer high 91.8°F | 75% humidity | 4132 cooling degree days/yr
Florida,Florida_0,43,-82.566974,27.300601,"Orlando, FL",73.0,91.8,75,4132,Hot-Humid,Avg summer high 91.8°F | 75% humidity | 4132 cooling degree days/yr
Florida,Florida_0,44,-82.692943,27.437525,"Orlando, FL",73.0,91.8,75,4132,Hot-Humid,Avg summer high 91.8°F | 75% humidity | 4132 cooling degree days/yr
Florida,Florida_0,45,-82.391711,27.837342,"Orlando, FL",73.0,91.8,75,4132,Hot-Humid,Avg summer high 91.8°F | 75% humidity | 4132 cooling degree days/yr
Florida,Florida_0,46,-82.588881,27.815434,"Orlando, FL",73.0,91.8,75,4132,Hot-Humid,Avg summer high 91.8°F | 75% humidity | 4132 cooling degree days/yr
Florida,Florida_0,47,-82.720328,27.689464,"Orlando, FL",73.0,91.8,75,4132,Hot-Humid,Avg summer high 91.8°F | 75% humidity | 4132 cooling degree days/yr
Florida,Florida_0,48,-82.851774,27.886634,"Orlando, FL",73.0,91.8,75,4132,Hot-Humid,Avg summer high 91.8°F | 75% humidity | 4132 cooling degree days/yr
Florida,Florida_0,49,-82.676512,28.434328,"Orlando, FL",73.0,91.8,75,4132,Hot-Humid,Avg summer high 91.8°F | 75% humidity | 4132 cooling degree days/yr
Florida,Florida_0,50,-82.643651,28.888914,"Orlando, FL",73.0,91.8,75,4132,Hot-Humid,Avg summer high 91.8°F | 75% humidity | 4132 cooling degree days/yr
Florida,Florida_0,51,-82.764143,28.998453,"Orlando, FL",73.0,91.8,75,4132,Hot-Humid,Avg summer high 91.8°F | 75% humidity | 4132 cooling degree days/yr
Florida,Florida_0,52,-82.802482,29.14633,"Orlando, FL",73.0,91.8,75,4132,Hot-Humid,Avg summer high 91.8°F | 75% humidity | 4132 cooling degree days/yr
Florida,Florida_0,53,-82.994175,29.179192,"Orlando, FL",73.0,91.8,75,4132,Hot-Humid,Avg summer high 91.8°F | 75% humidity | 4132 cooling degree days/yr
Florida,Florida_0,54,-83.218729,29.420177,"Orlando, FL",73.0,91.8,75,4132,Hot-Humid,Avg summer high 91.8°F | 75% humidity | 4132 cooling degree days/yr
Florida,Florida_0,55,-83.399469,29.518762,"Orlando, FL",73.0,91.8,75,4132,Hot-Humid,Avg summer high 91.8°F | 75% humidity | 4132 cooling degree days/yr
Florida,Florida_0,56,-83.410422,29.66664,"Orlando, FL",73.0,91.8,75,4132,Hot-Humid,Avg summer high 91.8°F | 75% humidity | 4132 cooling degree days/yr
Florida,Florida_0,57,-83.536392,29.721409,"Orlando, FL",73.0,91.8,75,4132,Hot-Humid,Avg summer high 91.8°F | 75% humidity | 4132 cooling degree days/yr
Florida,Florida_0,58,-83.640454,29.885717,"Orlando, FL",73.0,91.8,75,4132,Hot-Humid,Avg summer high 91.8°F | 75% humidity | 4132 cooling degree days/yr
Florida,Florida_0,59,-84.02384,30.104795,"Orlando, FL",73.0,91.8,75,4132,Hot-Humid,Avg summer high 91.8°F | 75% humidity | 4132 cooling degree days/yr
Florida,Florida_0,60,-84.357933,30.055502,"Orlando, FL",73.0,91.8,75,4132,Hot-Humid,Avg summer high 91.8°F | 75% humidity | 4132 cooling degree days/yr
Florida,Florida_0,61,-84.341502,29.902148,"Orlando, FL",73.0,91.8,75,4132,Hot-Humid,Avg summer high 91.8°F | 75% humidity | 4132 cooling degree days/yr
Florida,Florida_0,62,-84.451041,29.929533,"Orlando, FL",73.0,91.8,75,4132,Hot-Humid,Avg summer high 91.8°F | 75% humidity | 4132 cooling degree days/yr
Florida,Florida_0,63,-84.867289,29.743317,"Orlando, FL",73.0,91.8,75,4132,Hot-Humid,Avg summer high 91.8°F | 75% humidity | 4132 cooling degree days/yr
Florida,Florida_0,64,-85.310921,29.699501,"Orlando, FL",73.0,91.8,75,4132,Hot-Humid,Avg summer high 91.8°F | 75% humidity | 4132 cooling degree days/yr
Florida,Florida_0,65,-85.299967,29.80904,"Orlando, FL",73.0,91.8,75,4132,Hot-Humid,Avg summer high 91.8°F | 75% humidity | 4132 cooling degree days/yr
Florida,Florida_0,66,-85.404029,29.940487,"Orlando, FL",73.0,91.8,75,4132,Hot-Humid,Avg summer high 91.8°F | 75% humidity | 4132 cooling degree days/yr
Florida,Florida_0,67,-85.924338,30.236241,"Orlando, FL",73.0,91.8,75,4132,Hot-Humid,Avg summer high 91.8°F | 75% humidity | 4132 cooling degree days/yr
Florida,Florida_0,68,-86.29677,30.362211,"Orlando, FL",73.0,91.8,75,4132,Hot-Humid,Avg summer high 91.8°F | 75% humidity | 4132 cooling degree days/yr
Florida,Florida_0,69,-86.630863,30.395073,"Orlando, FL",73.0,91.8,75,4132,Hot-Humid,Avg summer high 91.8°F | 75% humidity | 4132 cooling degree days/yr
Florida,Florida_0,70,-86.910187,30.373165,"Orlando, FL",73.0,91.8,75,4132,Hot-Humid,Avg summer high 91.8°F | 75% humidity | 4132 cooling degree days/yr
Florida,Florida_0,71,-87.518128,30.280057,"Orlando, FL",73.0,91.8,75,4132,Hot-Humid,Avg summer high 91.8°F | 75% humidity | 4132 cooling degree days/yr
Florida,Florida_0,72,-87.37025,30.427934,"Orlando, FL",73.0,91.8,75,4132,Hot-Humid,Avg summer high 91.8°F | 75% humidity | 4132 cooling degree days/yr
Florida,Florida_0,73,-87.446927,30.510088,"Orlando, FL",73.0,91.8,75,4132,Hot-Humid,Avg summer high 91.8°F | 75% humidity | 4132 cooling degree days/yr
Florida,Florida_0,74,-87.408589,30.674397,"Orlando, FL",73.0,91.8,75,4132,Hot-Humid,Avg summer high 91.8°F | 75% humidity | 4132 cooling degree days/yr
Florida,Florida_0,75,-87.633143,30.86609,"Orlando, FL",73.0,91.8,75,4132,Hot-Humid,Avg summer high 91.8°F | 75% humidity | 4132 cooling degree days/yr
Florida,Florida_0,76,-87.600282,30.997536,"Orlando, FL",73.0,91.8,75,4132,Hot-Humid,Avg summer high 91.8°F | 75% humidity | 4132 cooling degree days/yr
Florida,Florida_0,77,-85.497137,30.997536,"Orlando, FL",73.0,91.8,75,4132,Hot-Humid,Avg summer high 91.8°F | 75% humidity | 4132 cooling degree days/yr
Georgia,Georgia_0,0,-83.109191,35.00118,"Atlanta, GA",62.0,89.1,69,1995,Hot-Humid,Avg summer high 89.1°F | 69% humidity | 1995 cooling degree days/yr
Georgia,Georgia_0,1,-83.322791,34.787579,"Atlanta, GA",62.0,89.1,69,1995,Hot-Humid,Avg summer high 89.1°F | 69% humidity | 1995 cooling degree days/yr
Georgia,Georgia_0,2,-83.339222,34.683517,"Atlanta, GA",62.0,89.1,69,1995,Hot-Humid,Avg summer high 89.1°F | 69% humidity | 1995 cooling degree days/yr
Georgia,Georgia_0,3,-83.005129,34.469916,"Atlanta, GA",62.0,89.1,69,1995,Hot-Humid,Avg summer high 89.1°F | 69% humidity | 1995 cooling degree days/yr
Georgia,Georgia_0,4,-82.901067,34.486347,"Atlanta, GA",62.0,89.1,69,1995,Hot-Humid,Avg summer high 89.1°F | 69% humidity | 1995 cooling degree days/yr
Georgia,Georgia_0,5,-82.747713,34.26727,"Atlanta, GA",62.0,89.1,69,1995,Hot-Humid,Avg summer high 89.1°F | 69% humidity | 1995 cooling degree days/yr
Georgia,Georgia_0,6,-82.714851,34.152254,"Atlanta, GA",62.0,89.1,69,1995,Hot-Humid,Avg summer high 89.1°F | 69% humidity | 1995 cooling degree days/yr
Georgia,Georgia_0,7,-82.55602,33.94413,"Atlanta, GA",62.0,89.1,69,1995,Hot-Humid,Avg summer high 89.1°F | 69% humidity | 1995 cooling degree days/yr
Georgia,Georgia_0,8,-82.325988,33.81816,"Atlanta, GA",62.0,89.1,69,1995,Hot-Humid,Avg summer high 89.1°F | 69% humidity | 1995 cooling degree days/yr
Georgia,Georgia_0,9,-82.194542,33.631944,"Atlanta, GA",62.0,89.1,69,1995,Hot-Humid,Avg summer high 89.1°F | 69% humidity | 1995 cooling degree days/yr
Georgia,Georgia_0,10,-81.926172,33.462159,"Atlanta, GA",62.0,89.1,69,1995,Hot-Humid,Avg summer high 89.1°F | 69% humidity | 1995 cooling degree days/yr
Georgia,Georgia_0,11,-81.937125,33.347144,"Atlanta, GA",62.0,89.1,69,1995,Hot-Humid,Avg summer high 89.1°F | 69% humidity | 1995 cooling degree days/yr
Georgia,Georgia_0,12,-81.761863,33.160928,"Atlanta, GA",62.0,89.1,69,1995,Hot-Humid,Avg summer high 89.1°F | 69% humidity | 1995 cooling degree days/yr
Georgia,Georgia_0,13,-81.493493,33.007573,"Atlanta, GA",62.0,89.1,69,1995,Hot-Humid,Avg summer high 89.1°F | 69% humidity | 1995 cooling degree days/yr
Georgia,Georgia_0,14,-81.42777,32.843265,"Atlanta, GA",62.0,89.1,69,1995,Hot-Humid,Avg summer high 89.1°F | 69% humidity | 1995 cooling degree days/yr
Georgia,Georgia_0,15,-81.416816,32.629664,"Atlanta, GA",62.0,89.1,69,1995,Hot-Humid,Avg summer high 89.1°F | 69% humidity | 1995 cooling degree days/yr
Georgia,Georgia_0,16,-81.279893,32.558464,"Atlanta, GA",62.0,89.1,69,1995,Hot-Humid,Avg summer high 89.1°F | 69% humidity | 1995 cooling degree days/yr
Georgia,Georgia_0,17,-81.121061,32.290094,"Atlanta, GA",62.0,89.1,69,1995,Hot-Humid,Avg summer high 89.1°F | 69% humidity | 1995 cooling degree days/yr
Georgia,Georgia_0,18,-81.115584,32.120309,"Atlanta, GA",62.0,89.1,69,1995,Hot-Humid,Avg summer high 89.1°F | 69% humidity | 1995 cooling degree days/yr
Georgia,Georgia_0,19,-80.885553,32.032678,"Atlanta, GA",62.0,89.1,69,1995,Hot-Humid,Avg summer high 89.1°F | 69% humidity | 1995 cooling degree days/yr
Georgia,Georgia_0,20,-81.132015,31.693108,"Atlanta, GA",62.0,89.1,69,1995,Hot-Humid,Avg summer high 89.1°F | 69% humidity | 1995 cooling degree days/yr
Georgia,Georgia_0,21,-81.175831,31.517845,"Atlanta, GA",62.0,89.1,69,1995,Hot-Humid,Avg summer high 89.1°F | 69% humidity | 1995 cooling degree days/yr
Georgia,Georgia_0,22,-81.279893,31.364491,"Atlanta, GA",62.0,89.1,69,1995,Hot-Humid,Avg summer high 89.1°F | 69% humidity | 1995 cooling degree days/yr
Georgia,Georgia_0,23,-81.290846,31.20566,"Atlanta, GA",62.0,89.1,69,1995,Hot-Humid,Avg summer high 89.1°F | 69% humidity | 1995 cooling degree days/yr
Georgia,Georgia_0,24,-81.400385,31.13446,"Atlanta, GA",62.0,89.1,69,1995,Hot-Humid,Avg summer high 89.1°F | 69% humidity | 1995 cooling degree days/yr
Georgia,Georgia_0,25,-81.444201,30.707258,"Atlanta, GA",62.0,89.1,69,1995,Hot-Humid,Avg summer high 89.1°F | 69% humidity | 1995 cooling degree days/yr
Georgia,Georgia_0,26,-81.718048,30.745597,"Atlanta, GA",62.0,89.1,69,1995,Hot-Humid,Avg summer high 89.1°F | 69% humidity | 1995 cooling degree days/yr
Georgia,Georgia_0,27,-81.948079,30.827751,"Atlanta, GA",62.0,89.1,69,1995,Hot-Humid,Avg summer high 89.1°F | 69% humidity | 1995 cooling degree days/yr
Georgia,Georgia_0,28,-82.041187,30.751074,"Atlanta, GA",62.0,89.1,69,1995,Hot-Humid,Avg summer high 89.1°F | 69% humidity | 1995 cooling degree days/yr
Georgia,Georgia_0,29,-82.002849,30.564858,"Atlanta, GA",62.0,89.1,69,1995,Hot-Humid,Avg summer high 89.1°F | 69% humidity | 1995 cooling degree days/yr
Georgia,Georgia_0,30,-82.046664,30.362211,"Atlanta, GA",62.0,89.1,69,1995,Hot-Humid,Avg summer high 89.1°F | 69% humidity | 1995 cooling degree days/yr
Georgia,Georgia_0,31,-82.167157,30.356734,"Atlanta, GA",62.0,89.1,69,1995,Hot-Humid,Avg summer high 89.1°F | 69% humidity | 1995 cooling degree days/yr
Georgia,Georgia_0,32,-82.216449,30.570335,"Atlanta, GA",62.0,89.1,69,1995,Hot-Humid,Avg summer high 89.1°F | 69% humidity | 1995 cooling degree days/yr
Georgia,Georgia_0,33,-83.498053,30.647012,"Atlanta, GA",62.0,89.1,69,1995,Hot-Humid,Avg summer high 89.1°F | 69% humidity | 1995 cooling degree days/yr
Georgia,Georgia_0,34,-84.867289,30.712735,"Atlanta, GA",62.0,89.1,69,1995,Hot-Humid,Avg summer high 89.1°F | 69% humidity | 1995 cooling degree days/yr
Georgia,Georgia_0,35,-85.004212,31.003013,"Atlanta, GA",62.0,89.1,69,1995,Hot-Humid,Avg summer high 89.1°F | 69% humidity | 1995 cooling degree days/yr
Georgia,Georgia_0,36,-85.113751,31.27686,"Atlanta, GA",62.0,89.1,69,1995,Hot-Humid,Avg summer high 89.1°F | 69% humidity | 1995 cooling degree days/yr
Georgia,Georgia_0,37,-85.042551,31.539753,"Atlanta, GA",62.0,89.1,69,1995,Hot-Humid,Avg summer high 89.1°F | 69% humidity | 1995 cooling degree days/yr
Georgia,Georgia_0,38,-85.141136,31.840985,"Atlanta, GA",62.0,89.1,69,1995,Hot-Humid,Avg summer high 89.1°F | 69% humidity | 1995 cooling degree days/yr
Georgia,Georgia_0,39,-85.053504,32.01077,"Atlanta, GA",62.0,89.1,69,1995,Hot-Humid,Avg summer high 89.1°F | 69% humidity | 1995 cooling degree days/yr
Georgia,Georgia_0,40,-85.058981,32.13674,"Atlanta, GA",62.0,89.1,69,1995,Hot-Humid,Avg summer high 89.1°F | 69% humidity | 1995 cooling degree days/yr
Georgia,Georgia_0,41,-84.889196,32.262709,"Atlanta, GA",62.0,89.1,69,1995,Hot-Humid,Avg summer high 89.1°F | 69% humidity | 1995 cooling degree days/yr
Georgia,Georgia_0,42,-85.004212,32.322956,"Atlanta, GA",62.0,89.1,69,1995,Hot-Humid,Avg summer high 89.1°F | 69% humidity | 1995 cooling degree days/yr
Georgia,Georgia_0,43,-84.960397,32.421541,"Atlanta, GA",62.0,89.1,69,1995,Hot-Humid,Avg summer high 89.1°F | 69% humidity | 1995 cooling degree days/yr
Georgia,Georgia_0,44,-85.069935,32.580372,"Atlanta, GA",62.0,89.1,69,1995,Hot-Humid,Avg summer high 89.1°F | 69% humidity | 1995 cooling degree days/yr
Georgia,Georgia_0,45,-85.184951,32.859696,"Atlanta, GA",62.0,89.1,69,1995,Hot-Humid,Avg summer high 89.1°F | 69% humidity | 1995 cooling degree days/yr
Georgia,Georgia_0,46,-85.431413,34.124869,"Atlanta, GA",62.0,89.1,69,1995,Hot-Humid,Avg summer high 89.1°F | 69% humidity | 1995 cooling degree days/yr
Georgia,Georgia_0,47,-85.606675,34.984749,"Atlanta, GA",62.0,89.1,69,1995,Hot-Humid,Avg summer high 89.1°F | 69% humidity | 1995 cooling degree days/yr
Georgia,Georgia_0,48,-84.319594,34.990226,"Atlanta, GA",62.0,89.1,69,1995,Hot-Humid,Avg summer high 89.1°F | 69% humidity | 1995 cooling degree days/yr
Georgia,Georgia_0,49,-83.618546,34.984749,"Atlanta, GA",62.0,89.1,69,1995,Hot-Humid,Avg summer high 89.1°F | 69% humidity | 1995 cooling degree days/yr
Georgia,Georgia_0,50,-83.109191,35.00118,"Atlanta, GA",62.0,89.1,69,1995,Hot-Humid,Avg summer high 89.1°F | 69% humidity | 1995 cooling degree days/yr
Louisiana,Louisiana_0,0,-93.608485,33.018527,"New Orleans, LA",69.0,91.5,78,2902,Hot-Humid,Avg summer high 91.5°F | 78% humidity | 2902 cooling degree days/yr
Louisiana,Louisiana_0,1,-91.16577,33.002096,"New Orleans, LA",69.0,91.5,78,2902,Hot-Humid,Avg summer high 91.5°F | 78% humidity | 2902 cooling degree days/yr
Louisiana,Louisiana_0,2,-91.072662,32.887081,"New Orleans, LA",69.0,91.5,78,2902,Hot-Humid,Avg summer high 91.5°F | 78% humidity | 2902 cooling degree days/yr
Louisiana,Louisiana_0,3,-91.143862,32.843265,"New Orleans, LA",69.0,91.5,78,2902,Hot-Humid,Avg summer high 91.5°F | 78% humidity | 2902 cooling degree days/yr
Louisiana,Louisiana_0,4,-91.154816,32.640618,"New Orleans, LA",69.0,91.5,78,2902,Hot-Humid,Avg summer high 91.5°F | 78% humidity | 2902 cooling degree days/yr
Louisiana,Louisiana_0,5,-91.006939,32.514649,"New Orleans, LA",69.0,91.5,78,2902,Hot-Humid,Avg summer high 91.5°F | 78% humidity | 2902 cooling degree days/yr
Louisiana,Louisiana_0,6,-90.985031,32.218894,"New Orleans, LA",69.0,91.5,78,2902,Hot-Humid,Avg summer high 91.5°F | 78% humidity | 2902 cooling degree days/yr
Louisiana,Louisiana_0,7,-91.105524,31.988862,"New Orleans, LA",69.0,91.5,78,2902,Hot-Humid,Avg summer high 91.5°F | 78% humidity | 2902 cooling degree days/yr
Louisiana,Louisiana_0,8,-91.341032,31.846462,"New Orleans, LA",69.0,91.5,78,2902,Hot-Humid,Avg summer high 91.5°F | 78% humidity | 2902 cooling degree days/yr
Louisiana,Louisiana_0,9,-91.401278,31.621907,"New Orleans, LA",69.0,91.5,78,2902,Hot-Humid,Avg summer high 91.5°F | 78% humidity | 2902 cooling degree days/yr
Louisiana,Louisiana_0,10,-91.499863,31.643815,"New Orleans, LA",69.0,91.5,78,2902,Hot-Humid,Avg summer high 91.5°F | 78% humidity | 2902 cooling degree days/yr
Louisiana,Louisiana_0,11,-91.516294,31.27686,"New Orleans, LA",69.0,91.5,78,2902,Hot-Humid,Avg summer high 91.5°F | 78% humidity | 2902 cooling degree days/yr
Louisiana,Louisiana_0,12,-91.636787,31.265906,"New Orleans, LA",69.0,91.5,78,2902,Hot-Humid,Avg summer high 91.5°F | 78% humidity | 2902 cooling degree days/yr
Louisiana,Louisiana_0,13,-91.565587,31.068736,"New Orleans, LA",69.0,91.5,78,2902,Hot-Humid,Avg summer high 91.5°F | 78% humidity | 2902 cooling degree days/yr
Louisiana,Louisiana_0,14,-91.636787,30.997536,"New Orleans, LA",69.0,91.5,78,2902,Hot-Humid,Avg summer high 91.5°F | 78% humidity | 2902 cooling degree days/yr
Louisiana,Louisiana_0,15,-89.747242,30.997536,"New Orleans, LA",69.0,91.5,78,2902,Hot-Humid,Avg summer high 91.5°F | 78% humidity | 2902 cooling degree days/yr
Louisiana,Louisiana_0,16,-89.845827,30.66892,"New Orleans, LA",69.0,91.5,78,2902,Hot-Humid,Avg summer high 91.5°F | 78% humidity | 2902 cooling degree days/yr
Louisiana,Louisiana_0,17,-89.681519,30.449842,"New Orleans, LA",69.0,91.5,78,2902,Hot-Humid,Avg summer high 91.5°F | 78% humidity | 2902 cooling degree days/yr
Louisiana,Louisiana_0,18,-89.643181,30.285534,"New Orleans, LA",69.0,91.5,78,2902,Hot-Humid,Avg summer high 91.5°F | 78% humidity | 2902 cooling degree days/yr
Louisiana,Louisiana_0,19,-89.522688,30.181472,"New Orleans, LA",69.0,91.5,78,2902,Hot-Humid,Avg summer high 91.5°F | 78% humidity | 2902 cooling degree days/yr
Louisiana,Louisiana_0,20,-89.818443,30.044549,"New Orleans, LA",69.0,91.5,78,2902,Hot-Humid,Avg summer high 91.5°F | 78% humidity | 2902 cooling degree days/yr
Louisiana,Louisiana_0,21,-89.84035,29.945964,"New Orleans, LA",69.0,91.5,78,2902,Hot-Humid,Avg summer high 91.5°F | 78% humidity | 2902 cooling degree days/yr
Louisiana,Louisiana_0,22,-89.599365,29.88024,"New Orleans, LA",69.0,91.5,78,2902,Hot-Humid,Avg summer high 91.5°F | 78% humidity | 2902 cooling degree days/yr
Louisiana,Louisiana_0,23,-89.495303,30.039072,"New Orleans, LA",69.0,91.5,78,2902,Hot-Humid,Avg summer high 91.5°F | 78% humidity | 2902 cooling degree days/yr
Louisiana,Louisiana_0,24,-89.287179,29.88024,"New Orleans, LA",69.0,91.5,78,2902,Hot-Humid,Avg summer high 91.5°F | 78% humidity | 2902 cooling degree days/yr
Louisiana,Louisiana_0,25,-89.30361,29.754271,"New Orleans, LA",69.0,91.5,78,2902,Hot-Humid,Avg summer high 91.5°F | 78% humidity | 2902 cooling degree days/yr
Louisiana,Louisiana_0,26,-89.424103,29.699501,"New Orleans, LA",69.0,91.5,78,2902,Hot-Humid,Avg summer high 91.5°F | 78% humidity | 2902 cooling degree days/yr
Louisiana,Louisiana_0,27,-89.648657,29.748794,"New Orleans, LA",69.0,91.5,78,2902,Hot-Humid,Avg summer high 91.5°F | 78% humidity | 2902 cooling degree days/yr
Louisiana,Louisiana_0,28,-89.621273,29.655686,"New Orleans, LA",69.0,91.5,78,2902,Hot-Humid,Avg summer high 91.5°F | 78% humidity | 2902 cooling degree days/yr
Louisiana,Louisiana_0,29,-89.69795,29.513285,"New Orleans, LA",69.0,91.5,78,2902,Hot-Humid,Avg summer high 91.5°F | 78% humidity | 2902 cooling degree days/yr
Louisiana,Louisiana_0,30,-89.506257,29.387316,"New Orleans, LA",69.0,91.5,78,2902,Hot-Humid,Avg summer high 91.5°F | 78% humidity | 2902 cooling degree days/yr
Louisiana,Louisiana_0,31,-89.199548,29.348977,"New Orleans, LA",69.0,91.5,78,2902,Hot-Humid,Avg summer high 91.5°F | 78% humidity | 2902 cooling degree days/yr
Louisiana,Louisiana_0,32,-89.09001,29.2011,"New Orleans, LA",69.0,91.5,78,2902,Hot-Humid,Avg summer high 91.5°F | 78% humidity | 2902 cooling degree days/yr
Louisiana,Louisiana_0,33,-89.002379,29.179192,"New Orleans, LA",69.0,91.5,78,2902,Hot-Humid,Avg summer high 91.5°F | 78% humidity | 2902 cooling degree days/yr
Louisiana,Louisiana_0,34,-89.16121,29.009407,"New Orleans, LA",69.0,91.5,78,2902,Hot-Humid,Avg summer high 91.5°F | 78% humidity | 2902 cooling degree days/yr
Louisiana,Louisiana_0,35,-89.336472,29.042268,"New Orleans, LA",69.0,91.5,78,2902,Hot-Humid,Avg summer high 91.5°F | 78% humidity | 2902 cooling degree days/yr
Louisiana,Louisiana_0,36,-89.484349,29.217531,"New Orleans, LA",69.0,91.5,78,2902,Hot-Humid,Avg summer high 91.5°F | 78% humidity | 2902 cooling degree days/yr
Louisiana,Louisiana_0,37,-89.851304,29.310638,"New Orleans, LA",69.0,91.5,78,2902,Hot-Humid,Avg summer high 91.5°F | 78% humidity | 2902 cooling degree days/yr
Louisiana,Louisiana_0,38,-89.851304,29.480424,"New Orleans, LA",69.0,91.5,78,2902,Hot-Humid,Avg summer high 91.5°F | 78% humidity | 2902 cooling degree days/yr
Louisiana,Louisiana_0,39,-90.032043,29.425654,"New Orleans, LA",69.0,91.5,78,2902,Hot-Humid,Avg summer high 91.5°F | 78% humidity | 2902 cooling degree days/yr
Louisiana,Louisiana_0,40,-90.021089,29.283254,"New Orleans, LA",69.0,91.5,78,2902,Hot-Humid,Avg summer high 91.5°F | 78% humidity | 2902 cooling degree days/yr
Louisiana,Louisiana_0,41,-90.103244,29.151807,"New Orleans, LA",69.0,91.5,78,2902,Hot-Humid,Avg summer high 91.5°F | 78% humidity | 2902 cooling degree days/yr
Louisiana,Louisiana_0,42,-90.23469,29.129899,"New Orleans, LA",69.0,91.5,78,2902,Hot-Humid,Avg summer high 91.5°F | 78% humidity | 2902 cooling degree days/yr
Louisiana,Louisiana_0,43,-90.333275,29.277777,"New Orleans, LA",69.0,91.5,78,2902,Hot-Humid,Avg summer high 91.5°F | 78% humidity | 2902 cooling degree days/yr
Louisiana,Louisiana_0,44,-90.563307,29.283254,"New Orleans, LA",69.0,91.5,78,2902,Hot-Humid,Avg summer high 91.5°F | 78% humidity | 2902 cooling degree days/yr
Louisiana,Louisiana_0,45,-90.645461,29.129899,"New Orleans, LA",69.0,91.5,78,2902,Hot-Humid,Avg summer high 91.5°F | 78% humidity | 2902 cooling degree days/yr
Louisiana,Louisiana_0,46,-90.798815,29.086084,"New Orleans, LA",69.0,91.5,78,2902,Hot-Humid,Avg summer high 91.5°F | 78% humidity | 2902 cooling degree days/yr
Louisiana,Louisiana_0,47,-90.963123,29.179192,"New Orleans, LA",69.0,91.5,78,2902,Hot-Humid,Avg summer high 91.5°F | 78% humidity | 2902 cooling degree days/yr
Louisiana,Louisiana_0,48,-91.09457,29.190146,"New Orleans, LA",69.0,91.5,78,2902,Hot-Humid,Avg summer high 91.5°F | 78% humidity | 2902 cooling degree days/yr
Louisiana,Louisiana_0,49,-91.220539,29.436608,"New Orleans, LA",69.0,91.5,78,2902,Hot-Humid,Avg summer high 91.5°F | 78% humidity | 2902 cooling degree days/yr
Louisiana,Louisiana_0,50,-91.445094,29.546147,"New Orleans, LA",69.0,91.5,78,2902,Hot-Humid,Avg summer high 91.5°F | 78% humidity | 2902 cooling degree days/yr
Louisiana,Louisiana_0,51,-91.532725,29.529716,"New Orleans, LA",69.0,91.5,78,2902,Hot-Humid,Avg summer high 91.5°F | 78% humidity | 2902 cooling degree days/yr
Louisiana,Louisiana_0,52,-91.620356,29.73784,"New Orleans, LA",69.0,91.5,78,2902,Hot-Humid,Avg summer high 91.5°F | 78% humidity | 2902 cooling degree days/yr
Louisiana,Louisiana_0,53,-91.883249,29.710455,"New Orleans, LA",69.0,91.5,78,2902,Hot-Humid,Avg summer high 91.5°F | 78% humidity | 2902 cooling degree days/yr
Louisiana,Louisiana_0,54,-91.888726,29.836425,"New Orleans, LA",69.0,91.5,78,2902,Hot-Humid,Avg summer high 91.5°F | 78% humidity | 2902 cooling degree days/yr
Louisiana,Louisiana_0,55,-92.146142,29.715932,"New Orleans, LA",69.0,91.5,78,2902,Hot-Humid,Avg summer high 91.5°F | 78% humidity | 2902 cooling degree days/yr
Louisiana,Louisiana_0,56,-92.113281,29.622824,"New Orleans, LA",69.0,91.5,78,2902,Hot-Humid,Avg summer high 91.5°F | 78% humidity | 2902 cooling degree days/yr
Louisiana,Louisiana_0,57,-92.31045,29.535193,"New Orleans, LA",69.0,91.5,78,2902,Hot-Humid,Avg summer high 91.5°F | 78% humidity | 2902 cooling degree days/yr
Louisiana,Louisiana_0,58,-92.617159,29.579009,"New Orleans, LA",69.0,91.5,78,2902,Hot-Humid,Avg summer high 91.5°F | 78% humidity | 2902 cooling degree days/yr
Louisiana,Louisiana_0,59,-92.97316,29.715932,"New Orleans, LA",69.0,91.5,78,2902,Hot-Humid,Avg summer high 91.5°F | 78% humidity | 2902 cooling degree days/yr
Louisiana,Louisiana_0,60,-93.2251,29.776178,"New Orleans, LA",69.0,91.5,78,2902,Hot-Humid,Avg summer high 91.5°F | 78% humidity | 2902 cooling degree days/yr
Louisiana,Louisiana_0,61,-93.767317,29.726886,"New Orleans, LA",69.0,91.5,78,2902,Hot-Humid,Avg summer high 91.5°F | 78% humidity | 2902 cooling degree days/yr
Louisiana,Louisiana_0,62,-93.838517,29.688547,"New Orleans, LA",69.0,91.5,78,2902,Hot-Humid,Avg summer high 91.5°F | 78% humidity | 2902 cooling degree days/yr
Louisiana,Louisiana_0,63,-93.926148,29.787132,"New Orleans, LA",69.0,91.5,78,2902,Hot-Humid,Avg summer high 91.5°F | 78% humidity | 2902 cooling degree days/yr
Louisiana,Louisiana_0,64,-93.690639,30.143133,"New Orleans, LA",69.0,91.5,78,2902,Hot-Humid,Avg summer high 91.5°F | 78% humidity | 2902 cooling degree days/yr
Louisiana,Louisiana_0,65,-93.767317,30.334826,"New Orleans, LA",69.0,91.5,78,2902,Hot-Humid,Avg summer high 91.5°F | 78% humidity | 2902 cooling degree days/yr
Louisiana,Louisiana_0,66,-93.696116,30.438888,"New Orleans, LA",69.0,91.5,78,2902,Hot-Humid,Avg summer high 91.5°F | 78% humidity | 2902 cooling degree days/yr
Louisiana,Louisiana_0,67,-93.728978,30.575812,"New Orleans, LA",69.0,91.5,78,2902,Hot-Humid,Avg summer high 91.5°F | 78% humidity | 2902 cooling degree days/yr
Louisiana,Louisiana_0,68,-93.630393,30.679874,"New Orleans, LA",69.0,91.5,78,2902,Hot-Humid,Avg summer high 91.5°F | 78% humidity | 2902 cooling degree days/yr
Louisiana,Louisiana_0,69,-93.526331,30.93729,"New Orleans, LA",69.0,91.5,78,2902,Hot-Humid,Avg summer high 91.5°F | 78% humidity | 2902 cooling degree days/yr
Louisiana,Louisiana_0,70,-93.542762,31.15089,"New Orleans, LA",69.0,91.5,78,2902,Hot-Humid,Avg summer high 91.5°F | 78% humidity | 2902 cooling degree days/yr
Louisiana,Louisiana_0,71,-93.816609,31.556184,"New Orleans, LA",69.0,91.5,78,2902,Hot-Humid,Avg summer high 91.5°F | 78% humidity | 2902 cooling degree days/yr
Louisiana,Louisiana_0,72,-93.822086,31.775262,"New Orleans, LA",69.0,91.5,78,2902,Hot-Humid,Avg summer high 91.5°F | 78% humidity | 2902 cooling degree days/yr
Louisiana,Louisiana_0,73,-94.041164,31.994339,"New Orleans, LA",69.0,91.5,78,2902,Hot-Humid,Avg summer high 91.5°F | 78% humidity | 2902 cooling degree days/yr
Louisiana,Louisiana_0,74,-94.041164,33.018527,"New Orleans, LA",69.0,91.5,78,2902,Hot-Humid,Avg summer high 91.5°F | 78% humidity | 2902 cooling degree days/yr
Louisiana,Louisiana_0,75,-93.608485,33.018527,"New Orleans, LA",69.0,91.5,78,2902,Hot-Humid,Avg summer high 91.5°F | 78% humidity | 2902 cooling degree days/yr
Mississippi,Mississippi_0,0,-88.471115,34.995703,"Jackson, MS",65.5,91.7,73,2597,Hot-Humid,Avg summer high 91.7°F | 73% humidity | 2597 cooling degree days/yr
Mississippi,Mississippi_0,1,-88.202745,34.995703,"Jackson, MS",65.5,91.7,73,2597,Hot-Humid,Avg summer high 91.7°F | 73% humidity | 2597 cooling degree days/yr
Mississippi,Mississippi_0,2,-88.098683,34.891641,"Jackson, MS",65.5,91.7,73,2597,Hot-Humid,Avg summer high 91.7°F | 73% humidity | 2597 cooling degree days/yr
Mississippi,Mississippi_0,3,-88.241084,33.796253,"Jackson, MS",65.5,91.7,73,2597,Hot-Humid,Avg summer high 91.7°F | 73% humidity | 2597 cooling degree days/yr
Mississippi,Mississippi_0,4,-88.471115,31.895754,"Jackson, MS",65.5,91.7,73,2597,Hot-Humid,Avg summer high 91.7°F | 73% humidity | 2597 cooling degree days/yr
Mississippi,Mississippi_0,5,-88.394438,30.367688,"Jackson, MS",65.5,91.7,73,2597,Hot-Humid,Avg summer high 91.7°F | 73% humidity | 2597 cooling degree days/yr
Mississippi,Mississippi_0,6,-88.503977,30.323872,"Jackson, MS",65.5,91.7,73,2597,Hot-Humid,Avg summer high 91.7°F | 73% humidity | 2597 cooling degree days/yr
Mississippi,Mississippi_0,7,-88.744962,30.34578,"Jackson, MS",65.5,91.7,73,2597,Hot-Humid,Avg summer high 91.7°F | 73% humidity | 2597 cooling degree days/yr
Mississippi,Mississippi_0,8,-88.843547,30.411504,"Jackson, MS",65.5,91.7,73,2597,Hot-Humid,Avg summer high 91.7°F | 73% humidity | 2597 cooling degree days/yr
Mississippi,Mississippi_0,9,-89.084533,30.367688,"Jackson, MS",65.5,91.7,73,2597,Hot-Humid,Avg summer high 91.7°F | 73% humidity | 2597 cooling degree days/yr
Mississippi,Mississippi_0,10,-89.418626,30.252672,"Jackson, MS",65.5,91.7,73,2597,Hot-Humid,Avg summer high 91.7°F | 73% humidity | 2597 cooling degree days/yr
Mississippi,Mississippi_0,11,-89.522688,30.181472,"Jackson, MS",65.5,91.7,73,2597,Hot-Humid,Avg summer high 91.7°F | 73% humidity | 2597 cooling degree days/yr
Mississippi,Mississippi_0,12,-89.643181,30.285534,"Jackson, MS",65.5,91.7,73,2597,Hot-Humid,Avg summer high 91.7°F | 73% humidity | 2597 cooling degree days/yr
Mississippi,Mississippi_0,13,-89.681519,30.449842,"Jackson, MS",65.5,91.7,73,2597,Hot-Humid,Avg summer high 91.7°F | 73% humidity | 2597 cooling degree days/yr
Mississippi,Mississippi_0,14,-89.845827,30.66892,"Jackson, MS",65.5,91.7,73,2597,Hot-Humid,Avg summer high 91.7°F | 73% humidity | 2597 cooling degree days/yr
Mississippi,Mississippi_0,15,-89.747242,30.997536,"Jackson, MS",65.5,91.7,73,2597,Hot-Humid,Avg summer high 91.7°F | 73% humidity | 2597 cooling degree days/yr
Mississippi,Mississippi_0,16,-91.636787,30.997536,"Jackson, MS",65.5,91.7,73,2597,Hot-Humid,Avg summer high 91.7°F | 73% humidity | 2597 cooling degree days/yr
Mississippi,Mississippi_0,17,-91.565587,31.068736,"Jackson, MS",65.5,91.7,73,2597,Hot-Humid,Avg summer high 91.7°F | 73% humidity | 2597 cooling degree days/yr
Mississippi,Mississippi_0,18,-91.636787,31.265906,"Jackson, MS",65.5,91.7,73,2597,Hot-Humid,Avg summer high 91.7°F | 73% humidity | 2597 cooling degree days/yr
Mississippi,Mississippi_0,19,-91.516294,31.27686,"Jackson, MS",65.5,91.7,73,2597,Hot-Humid,Avg summer high 91.7°F | 73% humidity | 2597 cooling degree days/yr
Mississippi,Mississippi_0,20,-91.499863,31.643815,"Jackson, MS",65.5,91.7,73,2597,Hot-Humid,Avg summer high 91.7°F | 73% humidity | 2597 cooling degree days/yr
Mississippi,Mississippi_0,21,-91.401278,31.621907,"Jackson, MS",65.5,91.7,73,2597,Hot-Humid,Avg summer high 91.7°F | 73% humidity | 2597 cooling degree days/yr
Mississippi,Mississippi_0,22,-91.341032,31.846462,"Jackson, MS",65.5,91.7,73,2597,Hot-Humid,Avg summer high 91.7°F | 73% humidity | 2597 cooling degree days/yr
Mississippi,Mississippi_0,23,-91.105524,31.988862,"Jackson, MS",65.5,91.7,73,2597,Hot-Humid,Avg summer high 91.7°F | 73% humidity | 2597 cooling degree days/yr
Mississippi,Mississippi_0,24,-90.985031,32.218894,"Jackson, MS",65.5,91.7,73,2597,Hot-Humid,Avg summer high 91.7°F | 73% humidity | 2597 cooling degree days/yr
Mississippi,Mississippi_0,25,-91.006939,32.514649,"Jackson, MS",65.5,91.7,73,2597,Hot-Humid,Avg summer high 91.7°F | 73% humidity | 2597 cooling degree days/yr
Mississippi,Mississippi_0,26,-91.154816,32.640618,"Jackson, MS",65.5,91.7,73,2597,Hot-Humid,Avg summer high 91.7°F | 73% humidity | 2597 cooling degree days/yr
Mississippi,Mississippi_0,27,-91.143862,32.843265,"Jackson, MS",65.5,91.7,73,2597,Hot-Humid,Avg summer high 91.7°F | 73% humidity | 2597 cooling degree days/yr
Mississippi,Mississippi_0,28,-91.072662,32.887081,"Jackson, MS",65.5,91.7,73,2597,Hot-Humid,Avg summer high 91.7°F | 73% humidity | 2597 cooling degree days/yr
Mississippi,Mississippi_0,29,-91.16577,33.002096,"Jackson, MS",65.5,91.7,73,2597,Hot-Humid,Avg summer high 91.7°F | 73% humidity | 2597 cooling degree days/yr
Mississippi,Mississippi_0,30,-91.089093,33.13902,"Jackson, MS",65.5,91.7,73,2597,Hot-Humid,Avg summer high 91.7°F | 73% humidity | 2597 cooling degree days/yr
Mississippi,Mississippi_0,31,-91.143862,33.347144,"Jackson, MS",65.5,91.7,73,2597,Hot-Humid,Avg summer high 91.7°F | 73% humidity | 2597 cooling degree days/yr
Mississippi,Mississippi_0,32,-91.056231,33.429298,"Jackson, MS",65.5,91.7,73,2597,Hot-Humid,Avg summer high 91.7°F | 73% humidity | 2597 cooling degree days/yr
Mississippi,Mississippi_0,33,-91.231493,33.560744,"Jackson, MS",65.5,91.7,73,2597,Hot-Humid,Avg summer high 91.7°F | 73% humidity | 2597 cooling degree days/yr
Mississippi,Mississippi_0,34,-91.072662,33.867453,"Jackson, MS",65.5,91.7,73,2597,Hot-Humid,Avg summer high 91.7°F | 73% humidity | 2597 cooling degree days/yr
Mississippi,Mississippi_0,35,-90.891923,34.026284,"Jackson, MS",65.5,91.7,73,2597,Hot-Humid,Avg summer high 91.7°F | 73% humidity | 2597 cooling degree days/yr
Mississippi,Mississippi_0,36,-90.952169,34.135823,"Jackson, MS",65.5,91.7,73,2597,Hot-Humid,Avg summer high 91.7°F | 73% humidity | 2597 cooling degree days/yr
Mississippi,Mississippi_0,37,-90.744046,34.300131,"Jackson, MS",65.5,91.7,73,2597,Hot-Humid,Avg summer high 91.7°F | 73% humidity | 2597 cooling degree days/yr
Mississippi,Mississippi_0,38,-90.749522,34.365854,"Jackson, MS",65.5,91.7,73,2597,Hot-Humid,Avg summer high 91.7°F | 73% humidity | 2597 cooling degree days/yr
Mississippi,Mississippi_0,39,-90.568783,34.420624,"Jackson, MS",65.5,91.7,73,2597,Hot-Humid,Avg summer high 91.7°F | 73% humidity | 2597 cooling degree days/yr
Mississippi,Mississippi_0,40,-90.585214,34.617794,"Jackson, MS",65.5,91.7,73,2597,Hot-Humid,Avg summer high 91.7°F | 73% humidity | 2597 cooling degree days/yr
Mississippi,Mississippi_0,41,-90.481152,34.661609,"Jackson, MS",65.5,91.7,73,2597,Hot-Humid,Avg summer high 91.7°F | 73% humidity | 2597 cooling degree days/yr
Mississippi,Mississippi_0,42,-90.409952,34.831394,"Jackson, MS",65.5,91.7,73,2597,Hot-Humid,Avg summer high 91.7°F | 73% humidity | 2597 cooling degree days/yr
Mississippi,Mississippi_0,43,-90.251121,34.908072,"Jackson, MS",65.5,91.7,73,2597,Hot-Humid,Avg summer high 91.7°F | 73% humidity | 2597 cooling degree days/yr
Mississippi,Mississippi_0,44,-90.311367,34.995703,"Jackson, MS",65.5,91.7,73,2597,Hot-Humid,Avg summer high 91.7°F | 73% humidity | 2597 cooling degree days/yr
Mississippi,Mississippi_0,45,-88.471115,34.995703,"Jackson, MS",65.5,91.7,73,2597,Hot-Humid,Avg summer high 91.7°F | 73% humidity | 2597 cooling degree days/yr
North Carolina,North Carolina_0,0,-80.978661,36.562108,"Raleigh, NC",60.0,88.5,68,1624,Hot-Humid,Avg summer high 88.5°F | 68% humidity | 1624 cooling degree days/yr
North Carolina,North Carolina_0,1,-80.294043,36.545677,"Raleigh, NC",60.0,88.5,68,1624,Hot-Humid,Avg summer high 88.5°F | 68% humidity | 1624 cooling degree days/yr
North Carolina,North Carolina_0,2,-79.510841,36.5402,"Raleigh, NC",60.0,88.5,68,1624,Hot-Humid,Avg summer high 88.5°F | 68% humidity | 1624 cooling degree days/yr
North Carolina,North Carolina_0,3,-75.868676,36.551154,"Raleigh, NC",60.0,88.5,68,1624,Hot-Humid,Avg summer high 88.5°F | 68% humidity | 1624 cooling degree days/yr
North Carolina,North Carolina_0,4,-75.75366,36.151337,"Raleigh, NC",60.0,88.5,68,1624,Hot-Humid,Avg summer high 88.5°F | 68% humidity | 1624 cooling degree days/yr
North Carolina,North Carolina_0,5,-76.032984,36.189676,"Raleigh, NC",60.0,88.5,68,1624,Hot-Humid,Avg summer high 88.5°F | 68% humidity | 1624 cooling degree days/yr
North Carolina,North Carolina_0,6,-76.071322,36.140383,"Raleigh, NC",60.0,88.5,68,1624,Hot-Humid,Avg summer high 88.5°F | 68% humidity | 1624 cooling degree days/yr
North Carolina,North Carolina_0,7,-76.410893,36.080137,"Raleigh, NC",60.0,88.5,68,1624,Hot-Humid,Avg summer high 88.5°F | 68% humidity | 1624 cooling degree days/yr
North Carolina,North Carolina_0,8,-76.460185,36.025367,"Raleigh, NC",60.0,88.5,68,1624,Hot-Humid,Avg summer high 88.5°F | 68% humidity | 1624 cooling degree days/yr
North Carolina,North Carolina_0,9,-76.68474,36.008937,"Raleigh, NC",60.0,88.5,68,1624,Hot-Humid,Avg summer high 88.5°F | 68% humidity | 1624 cooling degree days/yr
North Carolina,North Carolina_0,10,-76.673786,35.937736,"Raleigh, NC",60.0,88.5,68,1624,Hot-Humid,Avg summer high 88.5°F | 68% humidity | 1624 cooling degree days/yr
North Carolina,North Carolina_0,11,-76.399939,35.987029,"Raleigh, NC",60.0,88.5,68,1624,Hot-Humid,Avg summer high 88.5°F | 68% humidity | 1624 cooling degree days/yr
North Carolina,North Carolina_0,12,-76.3616,35.943213,"Raleigh, NC",60.0,88.5,68,1624,Hot-Humid,Avg summer high 88.5°F | 68% humidity | 1624 cooling degree days/yr
North Carolina,North Carolina_0,13,-76.060368,35.992506,"Raleigh, NC",60.0,88.5,68,1624,Hot-Humid,Avg summer high 88.5°F | 68% humidity | 1624 cooling degree days/yr
North Carolina,North Carolina_0,14,-75.961783,35.899398,"Raleigh, NC",60.0,88.5,68,1624,Hot-Humid,Avg summer high 88.5°F | 68% humidity | 1624 cooling degree days/yr
North Carolina,North Carolina_0,15,-75.781044,35.937736,"Raleigh, NC",60.0,88.5,68,1624,Hot-Humid,Avg summer high 88.5°F | 68% humidity | 1624 cooling degree days/yr
North Carolina,North Carolina_0,16,-75.715321,35.696751,"Raleigh, NC",60.0,88.5,68,1624,Hot-Humid,Avg summer high 88.5°F | 68% humidity | 1624 cooling degree days/yr
North Carolina,North Carolina_0,17,-75.775568,35.581735,"Raleigh, NC",60.0,88.5,68,1624,Hot-Humid,Avg summer high 88.5°F | 68% humidity | 1624 cooling degree days/yr
North Carolina,North Carolina_0,18,-75.89606,35.570781,"Raleigh, NC",60.0,88.5,68,1624,Hot-Humid,Avg summer high 88.5°F | 68% humidity | 1624 cooling degree days/yr
North Carolina,North Carolina_0,19,-76.147999,35.324319,"Raleigh, NC",60.0,88.5,68,1624,Hot-Humid,Avg summer high 88.5°F | 68% humidity | 1624 cooling degree days/yr
North Carolina,North Carolina_0,20,-76.482093,35.313365,"Raleigh, NC",60.0,88.5,68,1624,Hot-Humid,Avg summer high 88.5°F | 68% humidity | 1624 cooling degree days/yr
North Carolina,North Carolina_0,21,-76.536862,35.14358,"Raleigh, NC",60.0,88.5,68,1624,Hot-Humid,Avg summer high 88.5°F | 68% humidity | 1624 cooling degree days/yr
North Carolina,North Carolina_0,22,-76.394462,34.973795,"Raleigh, NC",60.0,88.5,68,1624,Hot-Humid,Avg summer high 88.5°F | 68% humidity | 1624 cooling degree days/yr
North Carolina,North Carolina_0,23,-76.279446,34.940933,"Raleigh, NC",60.0,88.5,68,1624,Hot-Humid,Avg summer high 88.5°F | 68% humidity | 1624 cooling degree days/yr
North Carolina,North Carolina_0,24,-76.493047,34.661609,"Raleigh, NC",60.0,88.5,68,1624,Hot-Humid,Avg summer high 88.5°F | 68% humidity | 1624 cooling degree days/yr
North Carolina,North Carolina_0,25,-76.673786,34.694471,"Raleigh, NC",60.0,88.5,68,1624,Hot-Humid,Avg summer high 88.5°F | 68% humidity | 1624 cooling degree days/yr
North Carolina,North Carolina_0,26,-76.991448,34.667086,"Raleigh, NC",60.0,88.5,68,1624,Hot-Humid,Avg summer high 88.5°F | 68% humidity | 1624 cooling degree days/yr
North Carolina,North Carolina_0,27,-77.210526,34.60684,"Raleigh, NC",60.0,88.5,68,1624,Hot-Humid,Avg summer high 88.5°F | 68% humidity | 1624 cooling degree days/yr
North Carolina,North Carolina_0,28,-77.555573,34.415147,"Raleigh, NC",60.0,88.5,68,1624,Hot-Humid,Avg summer high 88.5°F | 68% humidity | 1624 cooling degree days/yr
North Carolina,North Carolina_0,29,-77.82942,34.163208,"Raleigh, NC",60.0,88.5,68,1624,Hot-Humid,Avg summer high 88.5°F | 68% humidity | 1624 cooling degree days/yr
North Carolina,North Carolina_0,30,-77.971821,33.845545,"Raleigh, NC",60.0,88.5,68,1624,Hot-Humid,Avg summer high 88.5°F | 68% humidity | 1624 cooling degree days/yr
North Carolina,North Carolina_0,31,-78.179944,33.916745,"Raleigh, NC",60.0,88.5,68,1624,Hot-Humid,Avg summer high 88.5°F | 68% humidity | 1624 cooling degree days/yr
North Carolina,North Carolina_0,32,-78.541422,33.851022,"Raleigh, NC",60.0,88.5,68,1624,Hot-Humid,Avg summer high 88.5°F | 68% humidity | 1624 cooling degree days/yr
North Carolina,North Carolina_0,33,-79.675149,34.80401,"Raleigh, NC",60.0,88.5,68,1624,Hot-Humid,Avg summer high 88.5°F | 68% humidity | 1624 cooling degree days/yr
North Carolina,North Carolina_0,34,-80.797922,34.820441,"Raleigh, NC",60.0,88.5,68,1624,Hot-Humid,Avg summer high 88.5°F | 68% humidity | 1624 cooling degree days/yr
North Carolina,North Carolina_0,35,-80.781491,34.935456,"Raleigh, NC",60.0,88.5,68,1624,Hot-Humid,Avg summer high 88.5°F | 68% humidity | 1624 cooling degree days/yr
North Carolina,North Carolina_0,36,-80.934845,35.105241,"Raleigh, NC",60.0,88.5,68,1624,Hot-Humid,Avg summer high 88.5°F | 68% humidity | 1624 cooling degree days/yr
North Carolina,North Carolina_0,37,-81.038907,35.044995,"Raleigh, NC",60.0,88.5,68,1624,Hot-Humid,Avg summer high 88.5°F | 68% humidity | 1624 cooling degree days/yr
North Carolina,North Carolina_0,38,-81.044384,35.149057,"Raleigh, NC",60.0,88.5,68,1624,Hot-Humid,Avg summer high 88.5°F | 68% humidity | 1624 cooling degree days/yr
North Carolina,North Carolina_0,39,-82.276696,35.198349,"Raleigh, NC",60.0,88.5,68,1624,Hot-Humid,Avg summer high 88.5°F | 68% humidity | 1624 cooling degree days/yr
North Carolina,North Carolina_0,40,-82.550543,35.160011,"Raleigh, NC",60.0,88.5,68,1624,Hot-Humid,Avg summer high 88.5°F | 68% humidity | 1624 cooling degree days/yr
North Carolina,North Carolina_0,41,-82.764143,35.066903,"Raleigh, NC",60.0,88.5,68,1624,Hot-Humid,Avg summer high 88.5°F | 68% humidity | 1624 cooling degree days/yr
North Carolina,North Carolina_0,42,-83.109191,35.00118,"Raleigh, NC",60.0,88.5,68,1624,Hot-Humid,Avg summer high 88.5°F | 68% humidity | 1624 cooling degree days/yr
North Carolina,North Carolina_0,43,-83.618546,34.984749,"Raleigh, NC",60.0,88.5,68,1624,Hot-Humid,Avg summer high 88.5°F | 68% humidity | 1624 cooling degree days/yr
North Carolina,North Carolina_0,44,-84.319594,34.990226,"Raleigh, NC",60.0,88.5,68,1624,Hot-Humid,Avg summer high 88.5°F | 68% humidity | 1624 cooling degree days/yr
North Carolina,North Carolina_0,45,-84.29221,35.225734,"Raleigh, NC",60.0,88.5,68,1624,Hot-Humid,Avg summer high 88.5°F | 68% humidity | 1624 cooling degree days/yr
North Carolina,North Carolina_0,46,-84.09504,35.247642,"Raleigh, NC",60.0,88.5,68,1624,Hot-Humid,Avg summer high 88.5°F | 68% humidity | 1624 cooling degree days/yr
North Carolina,North Carolina_0,47,-84.018363,35.41195,"Raleigh, NC",60.0,88.5,68,1624,Hot-Humid,Avg summer high 88.5°F | 68% humidity | 1624 cooling degree days/yr
North Carolina,North Carolina_0,48,-83.7719,35.559827,"Raleigh, NC",60.0,88.5,68,1624,Hot-Humid,Avg summer high 88.5°F | 68% humidity | 1624 cooling degree days/yr
North Carolina,North Carolina_0,49,-83.498053,35.565304,"Raleigh, NC",60.0,88.5,68,1624,Hot-Humid,Avg summer high 88.5°F | 68% humidity | 1624 cooling degree days/yr
North Carolina,North Carolina_0,50,-83.251591,35.718659,"Raleigh, NC",60.0,88.5,68,1624,Hot-Humid,Avg summer high 88.5°F | 68% humidity | 1624 cooling degree days/yr
North Carolina,North Carolina_0,51,-82.994175,35.773428,"Raleigh, NC",60.0,88.5,68,1624,Hot-Humid,Avg summer high 88.5°F | 68% humidity | 1624 cooling degree days/yr
North Carolina,North Carolina_0,52,-82.775097,35.997983,"Raleigh, NC",60.0,88.5,68,1624,Hot-Humid,Avg summer high 88.5°F | 68% humidity | 1624 cooling degree days/yr
North Carolina,North Carolina_0,53,-82.638174,36.063706,"Raleigh, NC",60.0,88.5,68,1624,Hot-Humid,Avg summer high 88.5°F | 68% humidity | 1624 cooling degree days/yr
North Carolina,North Carolina_0,54,-82.610789,35.965121,"Raleigh, NC",60.0,88.5,68,1624,Hot-Humid,Avg summer high 88.5°F | 68% humidity | 1624 cooling degree days/yr
North Carolina,North Carolina_0,55,-82.216449,36.156814,"Raleigh, NC",60.0,88.5,68,1624,Hot-Humid,Avg summer high 88.5°F | 68% humidity | 1624 cooling degree days/yr
North Carolina,North Carolina_0,56,-82.03571,36.118475,"Raleigh, NC",60.0,88.5,68,1624,Hot-Humid,Avg summer high 88.5°F | 68% humidity | 1624 cooling degree days/yr
North Carolina,North Carolina_0,57,-81.909741,36.304691,"Raleigh, NC",60.0,88.5,68,1624,Hot-Humid,Avg summer high 88.5°F | 68% humidity | 1624 cooling degree days/yr
North Carolina,North Carolina_0,58,-81.723525,36.353984,"Raleigh, NC",60.0,88.5,68,1624,Hot-Humid,Avg summer high 88.5°F | 68% humidity | 1624 cooling degree days/yr
North Carolina,North Carolina_0,59,-81.679709,36.589492,"Raleigh, NC",60.0,88.5,68,1624,Hot-Humid,Avg summer high 88.5°F | 68% humidity | 1624 cooling degree days/yr
North Carolina,North Carolina_0,60,-80.978661,36.562108,"Raleigh, NC",60.0,88.5,68,1624,Hot-Humid,Avg summer high 88.5°F | 68% humidity | 1624 cooling degree days/yr
South Carolina,South Carolina_0,0,-82.764143,35.066903,"Columbia, SC",64.5,92.3,70,2418,Hot-Humid,Avg summer high 92.3°F | 70% humidity | 2418 cooling degree days/yr
South Carolina,South Carolina_0,1,-82.550543,35.160011,"Columbia, SC",64.5,92.3,70,2418,Hot-Humid,Avg summer high 92.3°F | 70% humidity | 2418 cooling degree days/yr
South Carolina,South Carolina_0,2,-82.276696,35.198349,"Columbia, SC",64.5,92.3,70,2418,Hot-Humid,Avg summer high 92.3°F | 70% humidity | 2418 cooling degree days/yr
South Carolina,South Carolina_0,3,-81.044384,35.149057,"Columbia, SC",64.5,92.3,70,2418,Hot-Humid,Avg summer high 92.3°F | 70% humidity | 2418 cooling degree days/yr
South Carolina,South Carolina_0,4,-81.038907,35.044995,"Columbia, SC",64.5,92.3,70,2418,Hot-Humid,Avg summer high 92.3°F | 70% humidity | 2418 cooling degree days/yr
South Carolina,South Carolina_0,5,-80.934845,35.105241,"Columbia, SC",64.5,92.3,70,2418,Hot-Humid,Avg summer high 92.3°F | 70% humidity | 2418 cooling degree days/yr
South Carolina,South Carolina_0,6,-80.781491,34.935456,"Columbia, SC",64.5,92.3,70,2418,Hot-Humid,Avg summer high 92.3°F | 70% humidity | 2418 cooling degree days/yr
South Carolina,South Carolina_0,7,-80.797922,34.820441,"Columbia, SC",64.5,92.3,70,2418,Hot-Humid,Avg summer high 92.3°F | 70% humidity | 2418 cooling degree days/yr
South Carolina,South Carolina_0,8,-79.675149,34.80401,"Columbia, SC",64.5,92.3,70,2418,Hot-Humid,Avg summer high 92.3°F | 70% humidity | 2418 cooling degree days/yr
South Carolina,South Carolina_0,9,-78.541422,33.851022,"Columbia, SC",64.5,92.3,70,2418,Hot-Humid,Avg summer high 92.3°F | 70% humidity | 2418 cooling degree days/yr
South Carolina,South Carolina_0,10,-78.716684,33.80173,"Columbia, SC",64.5,92.3,70,2418,Hot-Humid,Avg summer high 92.3°F | 70% humidity | 2418 cooling degree days/yr
South Carolina,South Carolina_0,11,-78.935762,33.637421,"Columbia, SC",64.5,92.3,70,2418,Hot-Humid,Avg summer high 92.3°F | 70% humidity | 2418 cooling degree days/yr
South Carolina,South Carolina_0,12,-79.149363,33.380005,"Columbia, SC",64.5,92.3,70,2418,Hot-Humid,Avg summer high 92.3°F | 70% humidity | 2418 cooling degree days/yr
South Carolina,South Carolina_0,13,-79.187701,33.171881,"Columbia, SC",64.5,92.3,70,2418,Hot-Humid,Avg summer high 92.3°F | 70% humidity | 2418 cooling degree days/yr
South Carolina,South Carolina_0,14,-79.357487,33.007573,"Columbia, SC",64.5,92.3,70,2418,Hot-Humid,Avg summer high 92.3°F | 70% humidity | 2418 cooling degree days/yr
South Carolina,South Carolina_0,15,-79.582041,33.007573,"Columbia, SC",64.5,92.3,70,2418,Hot-Humid,Avg summer high 92.3°F | 70% humidity | 2418 cooling degree days/yr
South Carolina,South Carolina_0,16,-79.631334,32.887081,"Columbia, SC",64.5,92.3,70,2418,Hot-Humid,Avg summer high 92.3°F | 70% humidity | 2418 cooling degree days/yr
South Carolina,South Carolina_0,17,-79.866842,32.755634,"Columbia, SC",64.5,92.3,70,2418,Hot-Humid,Avg summer high 92.3°F | 70% humidity | 2418 cooling degree days/yr
South Carolina,South Carolina_0,18,-79.998289,32.613234,"Columbia, SC",64.5,92.3,70,2418,Hot-Humid,Avg summer high 92.3°F | 70% humidity | 2418 cooling degree days/yr
South Carolina,South Carolina_0,19,-80.206412,32.552987,"Columbia, SC",64.5,92.3,70,2418,Hot-Humid,Avg summer high 92.3°F | 70% humidity | 2418 cooling degree days/yr
South Carolina,South Carolina_0,20,-80.430967,32.399633,"Columbia, SC",64.5,92.3,70,2418,Hot-Humid,Avg summer high 92.3°F | 70% humidity | 2418 cooling degree days/yr
South Carolina,South Carolina_0,21,-80.452875,32.328433,"Columbia, SC",64.5,92.3,70,2418,Hot-Humid,Avg summer high 92.3°F | 70% humidity | 2418 cooling degree days/yr
South Carolina,South Carolina_0,22,-80.660998,32.246279,"Columbia, SC",64.5,92.3,70,2418,Hot-Humid,Avg summer high 92.3°F | 70% humidity | 2418 cooling degree days/yr
South Carolina,South Carolina_0,23,-80.885553,32.032678,"Columbia, SC",64.5,92.3,70,2418,Hot-Humid,Avg summer high 92.3°F | 70% humidity | 2418 cooling degree days/yr
South Carolina,South Carolina_0,24,-81.115584,32.120309,"Columbia, SC",64.5,92.3,70,2418,Hot-Humid,Avg summer high 92.3°F | 70% humidity | 2418 cooling degree days/yr
South Carolina,South Carolina_0,25,-81.121061,32.290094,"Columbia, SC",64.5,92.3,70,2418,Hot-Humid,Avg summer high 92.3°F | 70% humidity | 2418 cooling degree days/yr
South Carolina,South Carolina_0,26,-81.279893,32.558464,"Columbia, SC",64.5,92.3,70,2418,Hot-Humid,Avg summer high 92.3°F | 70% humidity | 2418 cooling degree days/yr
South Carolina,South Carolina_0,27,-81.416816,32.629664,"Columbia, SC",64.5,92.3,70,2418,Hot-Humid,Avg summer high 92.3°F | 70% humidity | 2418 cooling degree days/yr
South Carolina,South Carolina_0,28,-81.42777,32.843265,"Columbia, SC",64.5,92.3,70,2418,Hot-Humid,Avg summer high 92.3°F | 70% humidity | 2418 cooling degree days/yr
South Carolina,South Carolina_0,29,-81.493493,33.007573,"Columbia, SC",64.5,92.3,70,2418,Hot-Humid,Avg summer high 92.3°F | 70% humidity | 2418 cooling degree days/yr
South Carolina,South Carolina_0,30,-81.761863,33.160928,"Columbia, SC",64.5,92.3,70,2418,Hot-Humid,Avg summer high 92.3°F | 70% humidity | 2418 cooling degree days/yr
South Carolina,South Carolina_0,31,-81.937125,33.347144,"Columbia, SC",64.5,92.3,70,2418,Hot-Humid,Avg summer high 92.3°F | 70% humidity | 2418 cooling degree days/yr
South Carolina,South Carolina_0,32,-81.926172,33.462159,"Columbia, SC",64.5,92.3,70,2418,Hot-Humid,Avg summer high 92.3°F | 70% humidity | 2418 cooling degree days/yr
South Carolina,South Carolina_0,33,-82.194542,33.631944,"Columbia, SC",64.5,92.3,70,2418,Hot-Humid,Avg summer high 92.3°F | 70% humidity | 2418 cooling degree days/yr
South Carolina,South Carolina_0,34,-82.325988,33.81816,"Columbia, SC",64.5,92.3,70,2418,Hot-Humid,Avg summer high 92.3°F | 70% humidity | 2418 cooling degree days/yr
South Carolina,South Carolina_0,35,-82.55602,33.94413,"Columbia, SC",64.5,92.3,70,2418,Hot-Humid,Avg summer high 92.3°F | 70% humidity | 2418 cooling degree days/yr
South Carolina,South Carolina_0,36,-82.714851,34.152254,"Columbia, SC",64.5,92.3,70,2418,Hot-Humid,Avg summer high 92.3°F | 70% humidity | 2418 cooling degree days/yr
South Carolina,South Carolina_0,37,-82.747713,34.26727,"Columbia, SC",64.5,92.3,70,2418,Hot-Humid,Avg summer high 92.3°F | 70% humidity | 2418 cooling degree days/yr
South Carolina,South Carolina_0,38,-82.901067,34.486347,"Columbia, SC",64.5,92.3,70,2418,Hot-Humid,Avg summer high 92.3°F | 70% humidity | 2418 cooling degree days/yr
South Carolina,South Carolina_0,39,-83.005129,34.469916,"Columbia, SC",64.5,92.3,70,2418,Hot-Humid,Avg summer high 92.3°F | 70% humidity | 2418 cooling degree days/yr
South Carolina,South Carolina_0,40,-83.339222,34.683517,"Columbia, SC",64.5,92.3,70,2418,Hot-Humid,Avg summer high 92.3°F | 70% humidity | 2418 cooling degree days/yr
South Carolina,South Carolina_0,41,-83.322791,34.787579,"Columbia, SC",64.5,92.3,70,2418,Hot-Humid,Avg summer high 92.3°F | 70% humidity | 2418 cooling degree days/yr
South Carolina,South Carolina_0,42,-83.109191,35.00118,"Columbia, SC",64.5,92.3,70,2418,Hot-Humid,Avg summer high 92.3°F | 70% humidity | 2418 cooling degree days/yr
South Carolina,South Carolina_0,43,-82.764143,35.066903,"Columbia, SC",64.5,92.3,70,2418,Hot-Humid,Avg summer high 92.3°F | 70% humidity | 2418 cooling degree days/yr
Tennessee,Tennessee_0,0,-88.054868,36.496384,"Nashville, TN",59.4,89.6,68,1652,Hot-Humid,Avg summer high 89.6°F | 68% humidity | 1652 cooling degree days/yr
Tennessee,Tennessee_0,1,-88.071299,36.677123,"Nashville, TN",59.4,89.6,68,1652,Hot-Humid,Avg summer high 89.6°F | 68% humidity | 1652 cooling degree days/yr
Tennessee,Tennessee_0,2,-87.852221,36.633308,"Nashville, TN",59.4,89.6,68,1652,Hot-Humid,Avg summer high 89.6°F | 68% humidity | 1652 cooling degree days/yr
Tennessee,Tennessee_0,3,-86.592525,36.655216,"Nashville, TN",59.4,89.6,68,1652,Hot-Humid,Avg summer high 89.6°F | 68% humidity | 1652 cooling degree days/yr
Tennessee,Tennessee_0,4,-85.486183,36.616877,"Nashville, TN",59.4,89.6,68,1652,Hot-Humid,Avg summer high 89.6°F | 68% humidity | 1652 cooling degree days/yr
Tennessee,Tennessee_0,5,-85.289013,36.627831,"Nashville, TN",59.4,89.6,68,1652,Hot-Humid,Avg summer high 89.6°F | 68% humidity | 1652 cooling degree days/yr
Tennessee,Tennessee_0,6,-84.544149,36.594969,"Nashville, TN",59.4,89.6,68,1652,Hot-Humid,Avg summer high 89.6°F | 68% humidity | 1652 cooling degree days/yr
Tennessee,Tennessee_0,7,-83.689746,36.584015,"Nashville, TN",59.4,89.6,68,1652,Hot-Humid,Avg summer high 89.6°F | 68% humidity | 1652 cooling degree days/yr
Tennessee,Tennessee_0,8,-83.673316,36.600446,"Nashville, TN",59.4,89.6,68,1652,Hot-Humid,Avg summer high 89.6°F | 68% humidity | 1652 cooling degree days/yr
Tennessee,Tennessee_0,9,-81.679709,36.589492,"Nashville, TN",59.4,89.6,68,1652,Hot-Humid,Avg summer high 89.6°F | 68% humidity | 1652 cooling degree days/yr
Tennessee,Tennessee_0,10,-81.723525,36.353984,"Nashville, TN",59.4,89.6,68,1652,Hot-Humid,Avg summer high 89.6°F | 68% humidity | 1652 cooling degree days/yr
Tennessee,Tennessee_0,11,-81.909741,36.304691,"Nashville, TN",59.4,89.6,68,1652,Hot-Humid,Avg summer high 89.6°F | 68% humidity | 1652 cooling degree days/yr
Tennessee,Tennessee_0,12,-82.03571,36.118475,"Nashville, TN",59.4,89.6,68,1652,Hot-Humid,Avg summer high 89.6°F | 68% humidity | 1652 cooling degree days/yr
Tennessee,Tennessee_0,13,-82.216449,36.156814,"Nashville, TN",59.4,89.6,68,1652,Hot-Humid,Avg summer high 89.6°F | 68% humidity | 1652 cooling degree days/yr
Tennessee,Tennessee_0,14,-82.610789,35.965121,"Nashville, TN",59.4,89.6,68,1652,Hot-Humid,Avg summer high 89.6°F | 68% humidity | 1652 cooling degree days/yr
Tennessee,Tennessee_0,15,-82.638174,36.063706,"Nashville, TN",59.4,89.6,68,1652,Hot-Humid,Avg summer high 89.6°F | 68% humidity | 1652 cooling degree days/yr
Tennessee,Tennessee_0,16,-82.775097,35.997983,"Nashville, TN",59.4,89.6,68,1652,Hot-Humid,Avg summer high 89.6°F | 68% humidity | 1652 cooling degree days/yr
Tennessee,Tennessee_0,17,-82.994175,35.773428,"Nashville, TN",59.4,89.6,68,1652,Hot-Humid,Avg summer high 89.6°F | 68% humidity | 1652 cooling degree days/yr
Tennessee,Tennessee_0,18,-83.251591,35.718659,"Nashville, TN",59.4,89.6,68,1652,Hot-Humid,Avg summer high 89.6°F | 68% humidity | 1652 cooling degree days/yr
Tennessee,Tennessee_0,19,-83.498053,35.565304,"Nashville, TN",59.4,89.6,68,1652,Hot-Humid,Avg summer high 89.6°F | 68% humidity | 1652 cooling degree days/yr
Tennessee,Tennessee_0,20,-83.7719,35.559827,"Nashville, TN",59.4,89.6,68,1652,Hot-Humid,Avg summer high 89.6°F | 68% humidity | 1652 cooling degree days/yr
Tennessee,Tennessee_0,21,-84.018363,35.41195,"Nashville, TN",59.4,89.6,68,1652,Hot-Humid,Avg summer high 89.6°F | 68% humidity | 1652 cooling degree days/yr
Tennessee,Tennessee_0,22,-84.09504,35.247642,"Nashville, TN",59.4,89.6,68,1652,Hot-Humid,Avg summer high 89.6°F | 68% humidity | 1652 cooling degree days/yr
Tennessee,Tennessee_0,23,-84.29221,35.225734,"Nashville, TN",59.4,89.6,68,1652,Hot-Humid,Avg summer high 89.6°F | 68% humidity | 1652 cooling degree days/yr
Tennessee,Tennessee_0,24,-84.319594,34.990226,"Nashville, TN",59.4,89.6,68,1652,Hot-Humid,Avg summer high 89.6°F | 68% humidity | 1652 cooling degree days/yr
Tennessee,Tennessee_0,25,-85.606675,34.984749,"Nashville, TN",59.4,89.6,68,1652,Hot-Humid,Avg summer high 89.6°F | 68% humidity | 1652 cooling degree days/yr
Tennessee,Tennessee_0,26,-87.359296,35.00118,"Nashville, TN",59.4,89.6,68,1652,Hot-Humid,Avg summer high 89.6°F | 68% humidity | 1652 cooling degree days/yr
Tennessee,Tennessee_0,27,-88.202745,34.995703,"Nashville, TN",59.4,89.6,68,1652,Hot-Humid,Avg summer high 89.6°F | 68% humidity | 1652 cooling degree days/yr
Tennessee,Tennessee_0,28,-88.471115,34.995703,"Nashville, TN",59.4,89.6,68,1652,Hot-Humid,Avg summer high 89.6°F | 68% humidity | 1652 cooling degree days/yr
Tennessee,Tennessee_0,29,-90.311367,34.995703,"Nashville, TN",59.4,89.6,68,1652,Hot-Humid,Avg summer high 89.6°F | 68% humidity | 1652 cooling degree days/yr
Tennessee,Tennessee_0,30,-90.212782,35.023087,"Nashville, TN",59.4,89.6,68,1652,Hot-Humid,Avg summer high 89.6°F | 68% humidity | 1652 cooling degree days/yr
Tennessee,Tennessee_0,31,-90.114197,35.198349,"Nashville, TN",59.4,89.6,68,1652,Hot-Humid,Avg summer high 89.6°F | 68% humidity | 1652 cooling degree days/yr
Tennessee,Tennessee_0,32,-90.130628,35.439335,"Nashville, TN",59.4,89.6,68,1652,Hot-Humid,Avg summer high 89.6°F | 68% humidity | 1652 cooling degree days/yr
Tennessee,Tennessee_0,33,-89.944412,35.603643,"Nashville, TN",59.4,89.6,68,1652,Hot-Humid,Avg summer high 89.6°F | 68% humidity | 1652 cooling degree days/yr
Tennessee,Tennessee_0,34,-89.911551,35.756997,"Nashville, TN",59.4,89.6,68,1652,Hot-Humid,Avg summer high 89.6°F | 68% humidity | 1652 cooling degree days/yr
Tennessee,Tennessee_0,35,-89.763673,35.811767,"Nashville, TN",59.4,89.6,68,1652,Hot-Humid,Avg summer high 89.6°F | 68% humidity | 1652 cooling degree days/yr
Tennessee,Tennessee_0,36,-89.730812,35.997983,"Nashville, TN",59.4,89.6,68,1652,Hot-Humid,Avg summer high 89.6°F | 68% humidity | 1652 cooling degree days/yr
Tennessee,Tennessee_0,37,-89.533642,36.249922,"Nashville, TN",59.4,89.6,68,1652,Hot-Humid,Avg summer high 89.6°F | 68% humidity | 1652 cooling degree days/yr
Tennessee,Tennessee_0,38,-89.539119,36.496384,"Nashville, TN",59.4,89.6,68,1652,Hot-Humid,Avg summer high 89.6°F | 68% humidity | 1652 cooling degree days/yr
Tennessee,Tennessee_0,39,-89.484349,36.496384,"Nashville, TN",59.4,89.6,68,1652,Hot-Humid,Avg summer high 89.6°F | 68% humidity | 1652 cooling degree days/yr
Tennessee,Tennessee_0,40,-89.418626,36.496384,"Nashville, TN",59.4,89.6,68,1652,Hot-Humid,Avg summer high 89.6°F | 68% humidity | 1652 cooling degree days/yr
Tennessee,Tennessee_0,41,-89.298133,36.507338,"Nashville, TN",59.4,89.6,68,1652,Hot-Humid,Avg summer high 89.6°F | 68% humidity | 1652 cooling degree days/yr
Tennessee,Tennessee_0,42,-88.054868,36.496384,"Nashville, TN",59.4,89.6,68,1652,Hot-Humid,Avg summer high 89.6°F | 68% humidity | 1652 cooling degree days/yr
ANCHOR,ANCHOR_0,0,-60.0,20.0,"Orlando, FL",73.0,0.0,0,0,Hot-Humid,Avg summer high 91.8°F | 75% humidity | 4132 cooling degree days/yr
ANCHOR,ANCHOR_0,1,-60.0,20.0,"Orlando, FL",73.0,0.0,0,0,Hot-Humid,Avg summer high 91.8°F | 75% humidity | 4132 cooling degree days/yr
ANCHOR,ANCHOR_0,2,-60.0,20.0,"Orlando, FL",73.0,0.0,0,0,Hot-Humid,Avg summer high 91.8°F | 75% humidity | 4132 cooling degree days/yr
ANCHOR,ANCHOR_0,3,-60.0,20.0,"Orlando, FL",73.0,0.0,0,0,Hot-Humid,Avg summer high 91.8°F | 75% humidity | 4132 cooling degree days/yr
ANCHOR,ANCHOR_0,4,-60.0,20.0,"Orlando, FL",73.0,0.0,0,0,Hot-Humid,Avg summer high 91.8°F | 75% humidity | 4132 cooling degree days/yr
ANCHOR,ANCHOR_0,5,-60.0,20.0,"Orlando, FL",73.0,0.0,0,0,Hot-Humid,Avg summer high 91.8°F | 75% humidity | 4132 cooling degree days/yr
ANCHOR,ANCHOR_0,6,-60.0,20.0,"Orlando, FL",73.0,0.0,0,0,Hot-Humid,Avg summer high 91.8°F | 75% humidity | 4132 cooling degree days/yr
ANCHOR,ANCHOR_0,7,-60.0,20.0,"Orlando, FL",73.0,0.0,0,0,Hot-Humid,Avg summer high 91.8°F | 75% humidity | 4132 cooling degree days/yr
ANCHOR,ANCHOR_0,8,-60.0,20.0,"Orlando, FL",73.0,0.0,0,0,Hot-Humid,Avg summer high 91.8°F | 75% humidity | 4132 cooling degree days/yr
ANCHOR,ANCHOR_0,9,-60.0,20.0,"Orlando, FL",73.0,0.0,0,0,Hot-Humid,Avg summer high 91.8°F | 75% humidity | 4132 cooling degree days/yr
ANCHOR,ANCHOR_0,10,-60.0,20.0,"Orlando, FL",73.0,0.0,0,0,Hot-Humid,Avg summer high 91.8°F | 75% humidity | 4132 cooling degree days/yr
ANCHOR,ANCHOR_0,11,-60.0,20.0,"Orlando, FL",73.0,0.0,0,0,Hot-Humid,Avg summer high 91.8°F | 75% humidity | 4132 cooling degree days/yr
ANCHOR,ANCHOR_0,12,-60.0,20.0,"Orlando, FL",73.0,0.0,0,0,Hot-Humid,Avg summer high 91.8°F | 75% humidity | 4132 cooling degree days/yr
ANCHOR,ANCHOR_0,13,-60.0,20.0,"Orlando, FL",73.0,0.0,0,0,Hot-Humid,Avg summer high 91.8°F | 75% humidity | 4132 cooling degree days/yr
ANCHOR,ANCHOR_0,14,-60.0,20.0,"Orlando, FL",73.0,0.0,0,0,Hot-Humid,Avg summer high 91.8°F | 75% humidity | 4132 cooling degree days/yr
ANCHOR,ANCHOR_0,15,-60.0,20.0,"Orlando, FL",73.0,0.0,0,0,Hot-Humid,Avg summer high 91.8°F | 75% humidity | 4132 cooling degree days/yr
ANCHOR,ANCHOR_0,16,-60.0,20.0,"Orlando, FL",73.0,0.0,0,0,Hot-Humid,Avg summer high 91.8°F | 75% humidity | 4132 cooling degree days/yr
ANCHOR,ANCHOR_0,17,-60.0,20.0,"Orlando, FL",73.0,0.0,0,0,Hot-Humid,Avg summer high 91.8°F | 75% humidity | 4132 cooling degree days/yr
ANCHOR,ANCHOR_0,18,-60.0,20.0,"Orlando, FL",73.0,0.0,0,0,Hot-Humid,Avg summer high 91.8°F | 75% humidity | 4132 cooling degree days/yr
ANCHOR,ANCHOR_0,19,-60.0,20.0,"Orlando, FL",73.0,0.0,0,0,Hot-Humid,Avg summer high 91.8°F | 75% humidity | 4132 cooling degree days/yr
ANCHOR,ANCHOR_0,20,-60.0,20.0,"Orlando, FL",73.0,0.0,0,0,Hot-Humid,Avg summer high 91.8°F | 75% humidity | 4132 cooling degree days/yr
ANCHOR,ANCHOR_0,21,-60.0,20.0,"Orlando, FL",73.0,0.0,0,0,Hot-Humid,Avg summer high 91.8°F | 75% humidity | 4132 cooling degree days/yr
ANCHOR,ANCHOR_0,22,-60.0,20.0,"Orlando, FL",73.0,0.0,0,0,Hot-Humid,Avg summer high 91.8°F | 75% humidity | 4132 cooling degree days/yr
ANCHOR,ANCHOR_0,23,-60.0,20.0,"Orlando, FL",73.0,0.0,0,0,Hot-Humid,Avg summer high 91.8°F | 75% humidity | 4132 cooling degree days/yr
ANCHOR,ANCHOR_0,24,-60.0,20.0,"Orlando, FL",73.0,0.0,0,0,Hot-Humid,Avg summer high 91.8°F | 75% humidity | 4132 cooling degree days/yr
ANCHOR,ANCHOR_0,25,-60.0,20.0,"Orlando, FL",73.0,0.0,0,0,Hot-Humid,Avg summer high 91.8°F | 75% humidity | 4132 cooling degree days/yr
ANCHOR,ANCHOR_0,26,-60.0,20.0,"Orlando, FL",73.0,0.0,0,0,Hot-Humid,Avg summer high 91.8°F | 75% humidity | 4132 cooling degree days/yr
ANCHOR,ANCHOR_0,27,-60.0,20.0,"Orlando, FL",73.0,0.0,0,0,Hot-Humid,Avg summer high 91.8°F | 75% humidity | 4132 cooling degree days/yr
ANCHOR,ANCHOR_0,28,-60.0,20.0,"Orlando, FL",73.0,0.0,0,0,Hot-Humid,Avg summer high 91.8°F | 75% humidity | 4132 cooling degree days/yr
ANCHOR,ANCHOR_0,29,-60.0,20.0,"Orlando, FL",73.0,0.0,0,0,Hot-Humid,Avg summer high 91.8°F | 75% humidity | 4132 cooling degree days/yr
ANCHOR,ANCHOR_0,30,-60.0,20.0,"Orlando, FL",73.0,0.0,0,0,Hot-Humid,Avg summer high 91.8°F | 75% humidity | 4132 cooling degree days/yr
ANCHOR,ANCHOR_0,31,-60.0,20.0,"Orlando, FL",73.0,0.0,0,0,Hot-Humid,Avg summer high 91.8°F | 75% humidity | 4132 cooling degree days/yr
ANCHOR,ANCHOR_0,32,-60.0,20.0,"Orlando, FL",73.0,0.0,0,0,Hot-Humid,Avg summer high 91.8°F | 75% humidity | 4132 cooling degree days/yr
ANCHOR,ANCHOR_0,33,-60.0,20.0,"Orlando, FL",73.0,0.0,0,0,Hot-Humid,Avg summer high 91.8°F | 75% humidity | 4132 cooling degree days/yr
ANCHOR,ANCHOR_0,34,-60.0,20.0,"Orlando, FL",73.0,0.0,0,0,Hot-Humid,Avg summer high 91.8°F | 75% humidity | 4132 cooling degree days/yr
ANCHOR,ANCHOR_0,35,-60.0,20.0,"Orlando, FL",73.0,0.0,0,0,Hot-Humid,Avg summer high 91.8°F | 75% humidity | 4132 cooling degree days/yr
ANCHOR,ANCHOR_0,36,-60.0,20.0,"Orlando, FL",73.0,0.0,0,0,Hot-Humid,Avg summer high 91.8°F | 75% humidity | 4132 cooling degree days/yr
ANCHOR,ANCHOR_0,37,-60.0,20.0,"Orlando, FL",73.0,0.0,0,0,Hot-Humid,Avg summer high 91.8°F | 75% humidity | 4132 cooling degree days/yr
ANCHOR,ANCHOR_0,38,-60.0,20.0,"Orlando, FL",73.0,0.0,0,0,Hot-Humid,Avg summer high 91.8°F | 75% humidity | 4132 cooling degree days/yr
ANCHOR,ANCHOR_0,39,-60.0,20.0,"Orlando, FL",73.0,0.0,0,0,Hot-Humid,Avg summer high 91.8°F | 75% humidity | 4132 cooling degree days/yr
ANCHOR,ANCHOR_0,40,-60.0,20.0,"Orlando, FL",73.0,0.0,0,0,Hot-Humid,Avg summer high 91.8°F | 75% humidity | 4132 cooling degree days/yr
ANCHOR,ANCHOR_0,41,-60.0,20.0,"Orlando, FL",73.0,0.0,0,0,Hot-Humid,Avg summer high 91.8°F | 75% humidity | 4132 cooling degree days/yr
ANCHOR,ANCHOR_0,42,-60.0,20.0,"Orlando, FL",73.0,0.0,0,0,Hot-Humid,Avg summer high 91.8°F | 75% humidity | 4132 cooling degree days/yr
ANCHOR,ANCHOR_0,43,-60.0,20.0,"Orlando, FL",73.0,0.0,0,0,Hot-Humid,Avg summer high 91.8°F | 75% humidity | 4132 cooling degree days/yr
ANCHOR,ANCHOR_0,44,-60.0,20.0,"Orlando, FL",73.0,0.0,0,0,Hot-Humid,Avg summer high 91.8°F | 75% humidity | 4132 cooling degree days/yr
ANCHOR,ANCHOR_0,45,-60.0,20.0,"Orlando, FL",73.0,0.0,0,0,Hot-Humid,Avg summer high 91.8°F | 75% humidity | 4132 cooling degree days/yr
ANCHOR,ANCHOR_0,46,-60.0,20.0,"Orlando, FL",73.0,0.0,0,0,Hot-Humid,Avg summer high 91.8°F | 75% humidity | 4132 cooling degree days/yr
ANCHOR,ANCHOR_0,47,-60.0,20.0,"Orlando, FL",73.0,0.0,0,0,Hot-Humid,Avg summer high 91.8°F | 75% humidity | 4132 cooling degree days/yr
ANCHOR,ANCHOR_0,48,-60.0,20.0,"Orlando, FL",73.0,0.0,0,0,Hot-Humid,Avg summer high 91.8°F | 75% humidity | 4132 cooling degree days/yr
ANCHOR,ANCHOR_0,49,-60.0,20.0,"Orlando, FL",73.0,0.0,0,0,Hot-Humid,Avg summer high 91.8°F | 75% humidity | 4132 cooling degree days/yr
ANCHOR,ANCHOR_0,50,-60.0,20.0,"Orlando, FL",73.0,0.0,0,0,Hot-Humid,Avg summer high 91.8°F | 75% humidity | 4132 cooling degree days/yr
ANCHOR,ANCHOR_0,51,-60.0,20.0,"Orlando, FL",73.0,0.0,0,0,Hot-Humid,Avg summer high 91.8°F | 75% humidity | 4132 cooling degree days/yr
ANCHOR,ANCHOR_0,52,-60.0,20.0,"Orlando, FL",73.0,0.0,0,0,Hot-Humid,Avg summer high 91.8°F | 75% humidity | 4132 cooling degree days/yr
ANCHOR,ANCHOR_0,53,-60.0,20.0,"Orlando, FL",73.0,0.0,0,0,Hot-Humid,Avg summer high 91.8°F | 75% humidity | 4132 cooling degree days/yr
ANCHOR,ANCHOR_0,54,-60.0,20.0,"Orlando, FL",73.0,0.0,0,0,Hot-Humid,Avg summer high 91.8°F | 75% humidity | 4132 cooling degree days/yr
ANCHOR,ANCHOR_0,55,-60.0,20.0,"Orlando, FL",73.0,0.0,0,0,Hot-Humid,Avg summer high 91.8°F | 75% humidity | 4132 cooling degree days/yr
ANCHOR,ANCHOR_0,56,-60.0,20.0,"Orlando, FL",73.0,0.0,0,0,Hot-Humid,Avg summer high 91.8°F | 75% humidity | 4132 cooling degree days/yr
ANCHOR,ANCHOR_0,57,-60.0,20.0,"Orlando, FL",73.0,0.0,0,0,Hot-Humid,Avg summer high 91.8°F | 75% humidity | 4132 cooling degree days/yr
ANCHOR,ANCHOR_0,58,-60.0,20.0,"Orlando, FL",73.0,0.0,0,0,Hot-Humid,Avg summer high 91.8°F | 75% humidity | 4132 cooling degree days/yr
ANCHOR,ANCHOR_0,59,-60.0,20.0,"Orlando, FL",73.0,0.0,0,0,Hot-Humid,Avg summer high 91.8°F | 75% humidity | 4132 cooling degree days/yr
ANCHOR,ANCHOR_0,60,-60.0,20.0,"Orlando, FL",73.0,0.0,0,0,Hot-Humid,Avg summer high 91.8°F | 75% humidity | 4132 cooling degree days/yr
ANCHOR,ANCHOR_0,61,-60.0,20.0,"Orlando, FL",73.0,0.0,0,0,Hot-Humid,Avg summer high 91.8°F | 75% humidity | 4132 cooling degree days/yr
ANCHOR,ANCHOR_0,62,-60.0,20.0,"Orlando, FL",73.0,0.0,0,0,Hot-Humid,Avg summer high 91.8°F | 75% humidity | 4132 cooling degree days/yr
ANCHOR,ANCHOR_0,63,-60.0,20.0,"Orlando, FL",73.0,0.0,0,0,Hot-Humid,Avg summer high 91.8°F | 75% humidity | 4132 cooling degree days/yr
ANCHOR,ANCHOR_0,64,-60.0,20.0,"Orlando, FL",73.0,0.0,0,0,Hot-Humid,Avg summer high 91.8°F | 75% humidity | 4132 cooling degree days/yr
ANCHOR,ANCHOR_0,65,-60.0,20.0,"Orlando, FL",73.0,0.0,0,0,Hot-Humid,Avg summer high 91.8°F | 75% humidity | 4132 cooling degree days/yr
ANCHOR,ANCHOR_0,66,-60.0,20.0,"Orlando, FL",73.0,0.0,0,0,Hot-Humid,Avg summer high 91.8°F | 75% humidity | 4132 cooling degree days/yr
ANCHOR,ANCHOR_0,67,-60.0,20.0,"Orlando, FL",73.0,0.0,0,0,Hot-Humid,Avg summer high 91.8°F | 75% humidity | 4132 cooling degree days/yr
ANCHOR,ANCHOR_0,68,-60.0,20.0,"Orlando, FL",73.0,0.0,0,0,Hot-Humid,Avg summer high 91.8°F | 75% humidity | 4132 cooling degree days/yr
ANCHOR,ANCHOR_0,69,-60.0,20.0,"Orlando, FL",73.0,0.0,0,0,Hot-Humid,Avg summer high 91.8°F | 75% humidity | 4132 cooling degree days/yr
ANCHOR,ANCHOR_0,70,-60.0,20.0,"Orlando, FL",73.0,0.0,0,0,Hot-Humid,Avg summer high 91.8°F | 75% humidity | 4132 cooling degree days/yr
ANCHOR,ANCHOR_0,71,-60.0,20.0,"Orlando, FL",73.0,0.0,0,0,Hot-Humid,Avg summer high 91.8°F | 75% humidity | 4132 cooling degree days/yr
ANCHOR,ANCHOR_0,72,-60.0,20.0,"Orlando, FL",73.0,0.0,0,0,Hot-Humid,Avg summer high 91.8°F | 75% humidity | 4132 cooling degree days/yr
ANCHOR,ANCHOR_0,73,-60.0,20.0,"Orlando, FL",73.0,0.0,0,0,Hot-Humid,Avg summer high 91.8°F | 75% humidity | 4132 cooling degree days/yr
ANCHOR,ANCHOR_0,74,-60.0,20.0,"Orlando, FL",73.0,0.0,0,0,Hot-Humid,Avg summer high 91.8°F | 75% humidity | 4132 cooling degree days/yr
ANCHOR,ANCHOR_0,75,-60.0,20.0,"Orlando, FL",73.0,0.0,0,0,Hot-Humid,Avg summer high 91.8°F | 75% humidity | 4132 cooling degree days/yr
ANCHOR,ANCHOR_0,76,-60.0,20.0,"Orlando, FL",73.0,0.0,0,0,Hot-Humid,Avg summer high 91.8°F | 75% humidity | 4132 cooling degree days/yr
ANCHOR,ANCHOR_0,77,-60.0,20.0,"Orlando, FL",73.0,0.0,0,0,Hot-Humid,Avg summer high 91.8°F | 75% humidity | 4132 cooling degree days/yr
